time,symbol,timeframe,price_basis,open,high,low,close,spread_points,atr14,adx14,atr_pct,regime_id,cand_long,cand_short,entry_allowed,feature_0,feature_1,feature_2,feature_3,feature_4,feature_5,feature_6,feature_7,feature_8,feature_9,feature_10,feature_11,feature_12,feature_13,feature_14,feature_15,feature_16,feature_17,feature_18,feature_19,feature_20,feature_21,onnx_p_long,onnx_p_short,onnx_p_pass,stage1_argmax,prm_raw_0,prm_raw_1,prm_raw_2,prm_raw_3,prm_raw_4,prm_raw_5,final_dir,flip_used,k_sl_req,k_tp_req,k_sl_eff,k_tp_eff,hold_bars,gate_pass,gate_reject_reason,dyn_spread_atr_max,dyn_dev_points,risk_pct,dist_atr,dist_atr_max_t,dist_atr_max_mode,has_position,bars_held,ea_version,schema_version,candidate_policy_version,regime_policy_version,model_pack_version,clf_version,prm_version,cost_model_version
2025.11.28 01:00,US100,PERIOD_M5,Bid,25256.38000000,25266.50000000,25250.88000000,25262.50000000,140.00,13.14500000,29.049694,0.00052034,-1,0,0,0,0.00000000,0.00000000,0.00000000,0.00000000,0.00000000,0.00000000,0.00000000,0.00000000,0.00000000,0.00000000,0.00000000,0.00000000,0.00000000,0.00000000,0.00000000,0.00000000,0.00000000,0.00000000,0.00000000,0.00000000,0.00000000,0.00000000,0.000000,0.000000,1.000000,PASS,1.500000,2.000000,24.000000,1.500000,2.000000,24.000000,PASS,0,6.000000,12.000000,6.000000,12.000000,24,0,,0.000000,0,0.000000,0.03462947,0.00000000,adaptive_quantile,1,50,0.1.3,1.0,0.1.2,0.1.0q,0.1.0,0.1.0,0.1.0,0.1
2025.11.28 01:05,US100,PERIOD_M5,Bid,25262.50000000,25276.13000000,25253.50000000,25269.38000000,140.00,5.45142857,28.741147,0.00021573,-1,0,0,0,0.00000000,0.00000000,0.00000000,0.00000000,0.00000000,0.00000000,0.00000000,0.00000000,0.00000000,0.00000000,0.00000000,0.00000000,0.00000000,0.00000000,0.00000000,0.00000000,0.00000000,0.00000000,0.00000000,0.00000000,0.00000000,0.00000000,0.000000,0.000000,1.000000,PASS,1.500000,2.000000,24.000000,1.500000,2.000000,24.000000,PASS,0,6.000000,12.000000,6.000000,12.000000,24,0,,0.000000,0,0.000000,3.77638987,0.00000000,adaptive_quantile,1,51,0.1.3,1.0,0.1.2,0.1.0q,0.1.0,0.1.0,0.1.0,0.1
2025.11.28 01:10,US100,PERIOD_M5,Bid,25269.00000000,25273.50000000,25263.50000000,25264.75000000,140.00,5.96928571,32.859258,0.00023627,-1,0,0,0,0.00000000,0.00000000,0.00000000,0.00000000,0.00000000,0.00000000,0.00000000,0.00000000,0.00000000,0.00000000,0.00000000,0.00000000,0.00000000,0.00000000,0.00000000,0.00000000,0.00000000,0.00000000,0.00000000,0.00000000,0.00000000,0.00000000,0.000000,0.000000,1.000000,PASS,1.500000,2.000000,24.000000,1.500000,2.000000,24.000000,PASS,0,6.000000,12.000000,6.000000,12.000000,24,0,,0.000000,0,0.000000,2.41855270,0.00000000,adaptive_quantile,1,52,0.1.3,1.0,0.1.2,0.1.0q,0.1.0,0.1.0,0.1.0,0.1
2025.11.28 01:15,US100,PERIOD_M5,Bid,25264.50000000,25264.88000000,25255.00000000,25259.63000000,140.00,6.47000000,29.940823,0.00025614,-1,0,0,0,0.00000000,0.00000000,0.00000000,0.00000000,0.00000000,0.00000000,0.00000000,0.00000000,0.00000000,0.00000000,0.00000000,0.00000000,0.00000000,0.00000000,0.00000000,0.00000000,0.00000000,0.00000000,0.00000000,0.00000000,0.00000000,0.00000000,0.000000,0.000000,1.000000,PASS,1.500000,2.000000,24.000000,1.500000,2.000000,24.000000,PASS,0,6.000000,12.000000,6.000000,12.000000,24,0,,0.000000,0,0.000000,1.30288960,0.00000000,adaptive_quantile,1,53,0.1.3,1.0,0.1.2,0.1.0q,0.1.0,0.1.0,0.1.0,0.1
2025.11.28 01:20,US100,PERIOD_M5,Bid,25259.50000000,25269.50000000,25258.75000000,25269.00000000,140.00,7.04142857,29.185401,0.00027866,-1,0,0,0,0.00000000,0.00000000,0.00000000,0.00000000,0.00000000,0.00000000,0.00000000,0.00000000,0.00000000,0.00000000,0.00000000,0.00000000,0.00000000,0.00000000,0.00000000,0.00000000,0.00000000,0.00000000,0.00000000,0.00000000,0.00000000,0.00000000,0.000000,0.000000,1.000000,PASS,1.500000,2.000000,24.000000,1.500000,2.000000,24.000000,PASS,0,6.000000,12.000000,6.000000,12.000000,24,0,,0.000000,0,0.000000,2.28710501,0.00000000,adaptive_quantile,1,54,0.1.3,1.0,0.1.2,0.1.0q,0.1.0,0.1.0,0.1.0,0.1
2025.11.28 01:25,US100,PERIOD_M5,Bid,25269.00000000,25272.75000000,25264.88000000,25270.88000000,140.00,7.48785714,29.965782,0.00029630,-1,0,0,0,0.00000000,0.00000000,0.00000000,0.00000000,0.00000000,0.00000000,0.00000000,0.00000000,0.00000000,0.00000000,0.00000000,0.00000000,0.00000000,0.00000000,0.00000000,0.00000000,0.00000000,0.00000000,0.00000000,0.00000000,0.00000000,0.00000000,0.000000,0.000000,1.000000,PASS,1.500000,2.000000,24.000000,1.500000,2.000000,24.000000,PASS,0,6.000000,12.000000,6.000000,12.000000,24,0,,0.000000,0,0.000000,2.17307542,0.00000000,adaptive_quantile,1,55,0.1.3,1.0,0.1.2,0.1.0q,0.1.0,0.1.0,0.1.0,0.1
2025.11.28 01:30,US100,PERIOD_M5,Bid,25270.50000000,25271.25000000,25261.88000000,25265.50000000,140.00,8.03214286,28.611003,0.00031791,-1,0,0,0,0.00000000,0.00000000,0.00000000,0.00000000,0.00000000,0.00000000,0.00000000,0.00000000,0.00000000,0.00000000,0.00000000,0.00000000,0.00000000,0.00000000,0.00000000,0.00000000,0.00000000,0.00000000,0.00000000,0.00000000,0.00000000,0.00000000,0.000000,0.000000,1.000000,PASS,1.500000,2.000000,24.000000,1.500000,2.000000,24.000000,PASS,0,6.000000,12.000000,6.000000,12.000000,24,0,,0.000000,0,0.000000,1.22686757,0.00000000,adaptive_quantile,1,56,0.1.3,1.0,0.1.2,0.1.0q,0.1.0,0.1.0,0.1.0,0.1
2025.11.28 01:35,US100,PERIOD_M5,Bid,25264.88000000,25268.38000000,25264.75000000,25267.63000000,140.00,8.00571429,27.436862,0.00031684,-1,0,0,0,0.00000000,0.00000000,0.00000000,0.00000000,0.00000000,0.00000000,0.00000000,0.00000000,0.00000000,0.00000000,0.00000000,0.00000000,0.00000000,0.00000000,0.00000000,0.00000000,0.00000000,0.00000000,0.00000000,0.00000000,0.00000000,0.00000000,0.000000,0.000000,1.000000,PASS,1.500000,2.000000,24.000000,1.500000,2.000000,24.000000,PASS,0,6.000000,12.000000,6.000000,12.000000,24,0,,0.000000,0,0.000000,1.35440838,0.00000000,adaptive_quantile,1,57,0.1.3,1.0,0.1.2,0.1.0q,0.1.0,0.1.0,0.1.0,0.1
2025.11.28 01:40,US100,PERIOD_M5,Bid,25267.25000000,25270.38000000,25267.25000000,25269.00000000,140.00,7.90785714,28.885135,0.00031295,-1,0,0,0,0.00000000,0.00000000,0.00000000,0.00000000,0.00000000,0.00000000,0.00000000,0.00000000,0.00000000,0.00000000,0.00000000,0.00000000,0.00000000,0.00000000,0.00000000,0.00000000,0.00000000,0.00000000,0.00000000,0.00000000,0.00000000,0.00000000,0.000000,0.000000,1.000000,PASS,1.500000,2.000000,24.000000,1.500000,2.000000,24.000000,PASS,0,6.000000,12.000000,6.000000,12.000000,24,0,,0.000000,0,0.000000,1.39732709,0.00000000,adaptive_quantile,1,58,0.1.3,1.0,0.1.2,0.1.0q,0.1.0,0.1.0,0.1.0,0.1
2025.11.28 01:45,US100,PERIOD_M5,Bid,25268.88000000,25278.50000000,25267.50000000,25276.25000000,140.00,8.37214286,32.074633,0.00033123,-1,0,0,0,0.00000000,0.00000000,0.00000000,0.00000000,0.00000000,0.00000000,0.00000000,0.00000000,0.00000000,0.00000000,0.00000000,0.00000000,0.00000000,0.00000000,0.00000000,0.00000000,0.00000000,0.00000000,0.00000000,0.00000000,0.00000000,0.00000000,0.000000,0.000000,1.000000,PASS,1.500000,2.000000,24.000000,1.500000,2.000000,24.000000,PASS,0,6.000000,12.000000,6.000000,12.000000,24,0,,0.000000,0,0.000000,1.97763216,0.00000000,adaptive_quantile,1,59,0.1.3,1.0,0.1.2,0.1.0q,0.1.0,0.1.0,0.1.0,0.1
2025.11.28 01:50,US100,PERIOD_M5,Bid,25275.13000000,25280.75000000,25275.00000000,25277.50000000,140.00,8.55071429,35.630026,0.00033827,-1,0,0,0,0.00000000,0.00000000,0.00000000,0.00000000,0.00000000,0.00000000,0.00000000,0.00000000,0.00000000,0.00000000,0.00000000,0.00000000,0.00000000,0.00000000,0.00000000,0.00000000,0.00000000,0.00000000,0.00000000,0.00000000,0.00000000,0.00000000,0.000000,0.000000,1.000000,PASS,1.500000,2.000000,24.000000,1.500000,2.000000,24.000000,PASS,0,6.000000,12.000000,6.000000,12.000000,24,0,,0.000000,0,0.000000,1.88418322,0.00000000,adaptive_quantile,1,60,0.1.3,1.0,0.1.2,0.1.0q,0.1.0,0.1.0,0.1.0,0.1
2025.11.28 01:55,US100,PERIOD_M5,Bid,25277.63000000,25279.13000000,25276.25000000,25276.63000000,140.00,8.53285714,38.711367,0.00033758,-1,0,0,0,0.00000000,0.00000000,0.00000000,0.00000000,0.00000000,0.00000000,0.00000000,0.00000000,0.00000000,0.00000000,0.00000000,0.00000000,0.00000000,0.00000000,0.00000000,0.00000000,0.00000000,0.00000000,0.00000000,0.00000000,0.00000000,0.00000000,0.000000,0.000000,1.000000,PASS,1.500000,2.000000,24.000000,1.500000,2.000000,24.000000,PASS,0,6.000000,12.000000,6.000000,12.000000,24,0,,0.000000,0,0.000000,1.61605634,0.00000000,adaptive_quantile,1,61,0.1.3,1.0,0.1.2,0.1.0q,0.1.0,0.1.0,0.1.0,0.1
2025.11.28 02:00,US100,PERIOD_M5,Bid,25276.75000000,25284.63000000,25273.38000000,25283.75000000,140.00,9.14000000,42.333398,0.00036150,-1,0,0,0,0.00000000,0.00000000,0.00000000,0.00000000,0.00000000,0.00000000,0.00000000,0.00000000,0.00000000,0.00000000,0.00000000,0.00000000,0.00000000,0.00000000,0.00000000,0.00000000,0.00000000,0.00000000,0.00000000,0.00000000,0.00000000,0.00000000,0.000000,0.000000,1.000000,PASS,1.500000,2.000000,24.000000,1.500000,2.000000,24.000000,PASS,0,6.000000,12.000000,6.000000,12.000000,24,0,,0.000000,0,0.000000,2.06982380,0.00000000,adaptive_quantile,1,62,0.1.3,1.0,0.1.2,0.1.0q,0.1.0,0.1.0,0.1.0,0.1
2025.11.28 02:05,US100,PERIOD_M5,Bid,25283.75000000,25292.13000000,25282.00000000,25291.13000000,140.00,9.83714286,46.528455,0.00038896,-1,0,0,0,0.00000000,0.00000000,0.00000000,0.00000000,0.00000000,0.00000000,0.00000000,0.00000000,0.00000000,0.00000000,0.00000000,0.00000000,0.00000000,0.00000000,0.00000000,0.00000000,0.00000000,0.00000000,0.00000000,0.00000000,0.00000000,0.00000000,0.000000,0.000000,1.000000,PASS,1.500000,2.000000,24.000000,1.500000,2.000000,24.000000,PASS,0,6.000000,12.000000,6.000000,12.000000,24,0,,0.000000,0,0.000000,2.41875109,0.00000000,adaptive_quantile,1,63,0.1.3,1.0,0.1.2,0.1.0q,0.1.0,0.1.0,0.1.0,0.1
2025.11.28 02:10,US100,PERIOD_M5,Bid,25291.13000000,25297.38000000,25289.00000000,25295.25000000,140.00,9.04642857,50.809625,0.00035763,-1,0,0,0,0.00000000,0.00000000,0.00000000,0.00000000,0.00000000,0.00000000,0.00000000,0.00000000,0.00000000,0.00000000,0.00000000,0.00000000,0.00000000,0.00000000,0.00000000,0.00000000,0.00000000,0.00000000,0.00000000,0.00000000,0.00000000,0.00000000,0.000000,0.000000,1.000000,PASS,1.500000,2.000000,24.000000,1.500000,2.000000,24.000000,PASS,0,6.000000,12.000000,6.000000,12.000000,24,0,,0.000000,0,0.000000,2.79172733,0.00000000,adaptive_quantile,1,64,0.1.3,1.0,0.1.2,0.1.0q,0.1.0,0.1.0,0.1.0,0.1
2025.11.28 02:15,US100,PERIOD_M5,Bid,25295.25000000,25299.63000000,25290.75000000,25294.50000000,140.00,8.06428571,54.746045,0.00031882,-1,0,0,0,0.00000000,0.00000000,0.00000000,0.00000000,0.00000000,0.00000000,0.00000000,0.00000000,0.00000000,0.00000000,0.00000000,0.00000000,0.00000000,0.00000000,0.00000000,0.00000000,0.00000000,0.00000000,0.00000000,0.00000000,0.00000000,0.00000000,0.000000,0.000000,1.000000,PASS,1.500000,2.000000,24.000000,1.500000,2.000000,24.000000,PASS,0,6.000000,12.000000,6.000000,12.000000,24,0,,0.000000,0,0.000000,2.74932434,0.00000000,adaptive_quantile,1,65,0.1.3,1.0,0.1.2,0.1.0q,0.1.0,0.1.0,0.1.0,0.1
2025.11.28 02:20,US100,PERIOD_M5,Bid,25294.38000000,25295.25000000,25287.00000000,25289.13000000,140.00,7.93928571,54.764792,0.00031394,-1,0,0,0,0.00000000,0.00000000,0.00000000,0.00000000,0.00000000,0.00000000,0.00000000,0.00000000,0.00000000,0.00000000,0.00000000,0.00000000,0.00000000,0.00000000,0.00000000,0.00000000,0.00000000,0.00000000,0.00000000,0.00000000,0.00000000,0.00000000,0.000000,0.000000,1.000000,PASS,1.500000,2.000000,24.000000,1.500000,2.000000,24.000000,PASS,0,6.000000,12.000000,6.000000,12.000000,24,0,,0.000000,0,0.000000,1.91468228,0.00000000,adaptive_quantile,1,66,0.1.3,1.0,0.1.2,0.1.0q,0.1.0,0.1.0,0.1.0,0.1
2025.11.28 02:25,US100,PERIOD_M5,Bid,25289.13000000,25293.13000000,25287.38000000,25288.63000000,140.00,7.64428571,54.781039,0.00030228,-1,0,0,0,0.00000000,0.00000000,0.00000000,0.00000000,0.00000000,0.00000000,0.00000000,0.00000000,0.00000000,0.00000000,0.00000000,0.00000000,0.00000000,0.00000000,0.00000000,0.00000000,0.00000000,0.00000000,0.00000000,0.00000000,0.00000000,0.00000000,0.000000,0.000000,1.000000,PASS,1.500000,2.000000,24.000000,1.500000,2.000000,24.000000,PASS,0,6.000000,12.000000,6.000000,12.000000,24,0,,0.000000,0,0.000000,1.74000488,0.00000000,adaptive_quantile,1,67,0.1.3,1.0,0.1.2,0.1.0q,0.1.0,0.1.0,0.1.0,0.1
2025.11.28 02:30,US100,PERIOD_M5,Bid,25288.63000000,25293.63000000,25287.63000000,25291.50000000,140.00,7.30500000,54.995393,0.00028883,-1,0,0,0,0.00000000,0.00000000,0.00000000,0.00000000,0.00000000,0.00000000,0.00000000,0.00000000,0.00000000,0.00000000,0.00000000,0.00000000,0.00000000,0.00000000,0.00000000,0.00000000,0.00000000,0.00000000,0.00000000,0.00000000,0.00000000,0.00000000,0.000000,0.000000,1.000000,PASS,1.500000,2.000000,24.000000,1.500000,2.000000,24.000000,PASS,0,6.000000,12.000000,6.000000,12.000000,24,0,,0.000000,0,0.000000,2.00287340,0.00000000,adaptive_quantile,1,68,0.1.3,1.0,0.1.2,0.1.0q,0.1.0,0.1.0,0.1.0,0.1
2025.11.28 02:35,US100,PERIOD_M5,Bid,25291.50000000,25291.50000000,25286.50000000,25288.25000000,140.00,7.10000000,53.213656,0.00028076,-1,0,0,0,0.00000000,0.00000000,0.00000000,0.00000000,0.00000000,0.00000000,0.00000000,0.00000000,0.00000000,0.00000000,0.00000000,0.00000000,0.00000000,0.00000000,0.00000000,0.00000000,0.00000000,0.00000000,0.00000000,0.00000000,0.00000000,0.00000000,0.000000,0.000000,1.000000,PASS,1.500000,2.000000,24.000000,1.500000,2.000000,24.000000,PASS,0,6.000000,12.000000,6.000000,12.000000,24,0,,0.000000,0,0.000000,1.45029386,0.00000000,adaptive_quantile,1,69,0.1.3,1.0,0.1.2,0.1.0q,0.1.0,0.1.0,0.1.0,0.1
2025.11.28 02:40,US100,PERIOD_M5,Bid,25288.13000000,25288.13000000,25282.00000000,25285.88000000,140.00,6.87714286,46.806239,0.00027198,-1,0,0,0,0.00000000,0.00000000,0.00000000,0.00000000,0.00000000,0.00000000,0.00000000,0.00000000,0.00000000,0.00000000,0.00000000,0.00000000,0.00000000,0.00000000,0.00000000,0.00000000,0.00000000,0.00000000,0.00000000,0.00000000,0.00000000,0.00000000,0.000000,0.000000,1.000000,PASS,1.500000,2.000000,24.000000,1.500000,2.000000,24.000000,PASS,0,6.000000,12.000000,6.000000,12.000000,24,0,,0.000000,0,0.000000,1.04289324,0.00000000,adaptive_quantile,1,70,0.1.3,1.0,0.1.2,0.1.0q,0.1.0,0.1.0,0.1.0,0.1
2025.11.28 02:45,US100,PERIOD_M5,Bid,25285.25000000,25292.75000000,25279.63000000,25292.00000000,140.00,7.55500000,42.857712,0.00029871,-1,0,0,0,0.00000000,0.00000000,0.00000000,0.00000000,0.00000000,0.00000000,0.00000000,0.00000000,0.00000000,0.00000000,0.00000000,0.00000000,0.00000000,0.00000000,0.00000000,0.00000000,0.00000000,0.00000000,0.00000000,0.00000000,0.00000000,0.00000000,0.000000,0.000000,1.000000,PASS,1.500000,2.000000,24.000000,1.500000,2.000000,24.000000,PASS,0,6.000000,12.000000,6.000000,12.000000,24,0,,0.000000,0,0.000000,1.59182118,0.00000000,adaptive_quantile,1,71,0.1.3,1.0,0.1.2,0.1.0q,0.1.0,0.1.0,0.1.0,0.1
2025.11.28 02:50,US100,PERIOD_M5,Bid,25292.00000000,25292.00000000,25287.00000000,25291.88000000,140.00,7.68857143,39.435655,0.00030399,-1,0,0,0,0.00000000,0.00000000,0.00000000,0.00000000,0.00000000,0.00000000,0.00000000,0.00000000,0.00000000,0.00000000,0.00000000,0.00000000,0.00000000,0.00000000,0.00000000,0.00000000,0.00000000,0.00000000,0.00000000,0.00000000,0.00000000,0.00000000,0.000000,0.000000,1.000000,PASS,1.500000,2.000000,24.000000,1.500000,2.000000,24.000000,PASS,0,0.000000,0.000000,0.000000,0.000000,24,0,,0.000000,0,0.000000,1.40107749,0.00000000,adaptive_quantile,0,0,0.1.3,1.0,0.1.2,0.1.0q,0.1.0,0.1.0,0.1.0,0.1
2025.11.28 02:55,US100,PERIOD_M5,Bid,25291.75000000,25291.75000000,25285.50000000,25289.88000000,140.00,7.35857143,34.886070,0.00029097,-1,0,0,0,0.00000000,0.00000000,0.00000000,0.00000000,0.00000000,0.00000000,0.00000000,0.00000000,0.00000000,0.00000000,0.00000000,0.00000000,0.00000000,0.00000000,0.00000000,0.00000000,0.00000000,0.00000000,0.00000000,0.00000000,0.00000000,0.00000000,0.000000,0.000000,1.000000,PASS,1.500000,2.000000,24.000000,1.500000,2.000000,24.000000,PASS,0,0.000000,0.000000,0.000000,0.000000,24,0,,0.000000,0,0.000000,1.07858282,0.00000000,adaptive_quantile,0,0,0.1.3,1.0,0.1.2,0.1.0q,0.1.0,0.1.0,0.1.0,0.1
2025.11.28 03:00,US100,PERIOD_M5,Bid,25290.00000000,25292.50000000,25284.00000000,25291.63000000,140.00,7.55500000,30.659259,0.00029872,-1,0,0,0,0.00000000,0.00000000,0.00000000,0.00000000,0.00000000,0.00000000,0.00000000,0.00000000,0.00000000,0.00000000,0.00000000,0.00000000,0.00000000,0.00000000,0.00000000,0.00000000,0.00000000,0.00000000,0.00000000,0.00000000,0.00000000,0.00000000,0.000000,0.000000,1.000000,PASS,1.500000,2.000000,24.000000,1.500000,2.000000,24.000000,PASS,0,0.000000,0.000000,0.000000,0.000000,24,0,,0.000000,0,0.000000,1.16006269,0.00000000,adaptive_quantile,0,0,0.1.3,1.0,0.1.2,0.1.0q,0.1.0,0.1.0,0.1.0,0.1
2025.11.28 03:05,US100,PERIOD_M5,Bid,25291.38000000,25302.38000000,25289.75000000,25302.38000000,140.00,8.25142857,30.166320,0.00032611,-1,0,0,0,0.00000000,0.00000000,0.00000000,0.00000000,0.00000000,0.00000000,0.00000000,0.00000000,0.00000000,0.00000000,0.00000000,0.00000000,0.00000000,0.00000000,0.00000000,0.00000000,0.00000000,0.00000000,0.00000000,0.00000000,0.00000000,0.00000000,0.000000,0.000000,1.000000,PASS,1.500000,2.000000,24.000000,1.500000,2.000000,24.000000,PASS,0,0.000000,0.000000,0.000000,0.000000,24,0,,0.000000,0,0.000000,2.13972298,0.00000000,adaptive_quantile,0,0,0.1.3,1.0,0.1.2,0.1.0q,0.1.0,0.1.0,0.1.0,0.1
2025.11.28 03:10,US100,PERIOD_M5,Bid,25302.38000000,25307.63000000,25293.70000000,25304.25000000,140.00,8.44285714,31.099790,0.00033365,-1,0,0,0,0.00000000,0.00000000,0.00000000,0.00000000,0.00000000,0.00000000,0.00000000,0.00000000,0.00000000,0.00000000,0.00000000,0.00000000,0.00000000,0.00000000,0.00000000,0.00000000,0.00000000,0.00000000,0.00000000,0.00000000,0.00000000,0.00000000,0.000000,0.000000,1.000000,PASS,1.500000,2.000000,24.000000,1.500000,2.000000,24.000000,PASS,0,0.000000,0.000000,0.000000,0.000000,24,0,,0.000000,0,0.000000,2.09244025,0.00000000,adaptive_quantile,0,0,0.1.3,1.0,0.1.2,0.1.0q,0.1.0,0.1.0,0.1.0,0.1
2025.11.28 03:15,US100,PERIOD_M5,Bid,25304.25000000,25305.88000000,25297.95000000,25303.13000000,140.00,8.28571429,31.908797,0.00032746,-1,0,0,0,0.00000000,0.00000000,0.00000000,0.00000000,0.00000000,0.00000000,0.00000000,0.00000000,0.00000000,0.00000000,0.00000000,0.00000000,0.00000000,0.00000000,0.00000000,0.00000000,0.00000000,0.00000000,0.00000000,0.00000000,0.00000000,0.00000000,0.000000,0.000000,1.000000,PASS,1.500000,2.000000,24.000000,1.500000,2.000000,24.000000,PASS,0,0.000000,0.000000,0.000000,0.000000,24,0,,0.000000,0,0.000000,1.80676613,0.00000000,adaptive_quantile,0,0,0.1.3,1.0,0.1.2,0.1.0q,0.1.0,0.1.0,0.1.0,0.1
2025.11.28 03:20,US100,PERIOD_M5,Bid,25303.13000000,25315.00000000,25303.13000000,25313.13000000,140.00,8.53500000,34.913447,0.00033718,-1,0,0,0,0.00000000,0.00000000,0.00000000,0.00000000,0.00000000,0.00000000,0.00000000,0.00000000,0.00000000,0.00000000,0.00000000,0.00000000,0.00000000,0.00000000,0.00000000,0.00000000,0.00000000,0.00000000,0.00000000,0.00000000,0.00000000,0.00000000,0.000000,0.000000,1.000000,PASS,1.500000,2.000000,24.000000,1.500000,2.000000,24.000000,PASS,0,0.000000,0.000000,0.000000,0.000000,24,0,,0.000000,0,0.000000,2.64700874,0.00000000,adaptive_quantile,0,0,0.1.3,1.0,0.1.2,0.1.0q,0.1.0,0.1.0,0.1.0,0.1
2025.11.28 03:25,US100,PERIOD_M5,Bid,25312.75000000,25313.50000000,25306.13000000,25306.13000000,140.00,8.42714286,37.517476,0.00033301,-1,0,0,0,0.00000000,0.00000000,0.00000000,0.00000000,0.00000000,0.00000000,0.00000000,0.00000000,0.00000000,0.00000000,0.00000000,0.00000000,0.00000000,0.00000000,0.00000000,0.00000000,0.00000000,0.00000000,0.00000000,0.00000000,0.00000000,0.00000000,0.000000,0.000000,1.000000,PASS,1.500000,2.000000,24.000000,1.500000,2.000000,24.000000,PASS,0,0.000000,0.000000,0.000000,0.000000,24,0,,0.000000,0,0.000000,1.67402482,0.00000000,adaptive_quantile,0,0,0.1.3,1.0,0.1.2,0.1.0q,0.1.0,0.1.0,0.1.0,0.1
2025.11.28 03:30,US100,PERIOD_M5,Bid,25305.50000000,25305.63000000,25292.00000000,25295.63000000,140.00,8.84714286,33.129108,0.00034975,-1,0,0,0,0.00000000,0.00000000,0.00000000,0.00000000,0.00000000,0.00000000,0.00000000,0.00000000,0.00000000,0.00000000,0.00000000,0.00000000,0.00000000,0.00000000,0.00000000,0.00000000,0.00000000,0.00000000,0.00000000,0.00000000,0.00000000,0.00000000,0.000000,0.000000,1.000000,PASS,1.500000,2.000000,24.000000,1.500000,2.000000,24.000000,PASS,0,0.000000,0.000000,0.000000,0.000000,24,0,,0.000000,0,0.000000,0.36889865,0.00000000,adaptive_quantile,0,0,0.1.3,1.0,0.1.2,0.1.0q,0.1.0,0.1.0,0.1.0,0.1
2025.11.28 03:35,US100,PERIOD_M5,Bid,25294.75000000,25295.75000000,25292.13000000,25293.63000000,140.00,8.69500000,29.325856,0.00034376,-1,0,0,0,0.00000000,0.00000000,0.00000000,0.00000000,0.00000000,0.00000000,0.00000000,0.00000000,0.00000000,0.00000000,0.00000000,0.00000000,0.00000000,0.00000000,0.00000000,0.00000000,0.00000000,0.00000000,0.00000000,0.00000000,0.00000000,0.00000000,0.000000,0.000000,1.000000,PASS,1.500000,2.000000,24.000000,1.500000,2.000000,24.000000,PASS,0,0.000000,0.000000,0.000000,0.000000,24,0,,0.000000,0,0.000000,0.13149474,0.00000000,adaptive_quantile,0,0,0.1.3,1.0,0.1.2,0.1.0q,0.1.0,0.1.0,0.1.0,0.1
2025.11.28 03:40,US100,PERIOD_M5,Bid,25293.63000000,25293.63000000,25280.20000000,25287.63000000,140.00,9.22571429,28.654369,0.00036483,-1,0,0,0,0.00000000,0.00000000,0.00000000,0.00000000,0.00000000,0.00000000,0.00000000,0.00000000,0.00000000,0.00000000,0.00000000,0.00000000,0.00000000,0.00000000,0.00000000,0.00000000,0.00000000,0.00000000,0.00000000,0.00000000,0.00000000,0.00000000,0.000000,0.000000,1.000000,PASS,1.500000,2.000000,24.000000,1.500000,2.000000,24.000000,PASS,0,0.000000,0.000000,0.000000,0.000000,24,0,,0.000000,0,0.000000,0.47628993,0.00000000,adaptive_quantile,0,0,0.1.3,1.0,0.1.2,0.1.0q,0.1.0,0.1.0,0.1.0,0.1
2025.11.28 03:45,US100,PERIOD_M5,Bid,25287.63000000,25293.13000000,25287.50000000,25292.50000000,140.00,9.27071429,28.072414,0.00036654,-1,0,0,0,0.00000000,0.00000000,0.00000000,0.00000000,0.00000000,0.00000000,0.00000000,0.00000000,0.00000000,0.00000000,0.00000000,0.00000000,0.00000000,0.00000000,0.00000000,0.00000000,0.00000000,0.00000000,0.00000000,0.00000000,0.00000000,0.00000000,0.000000,0.000000,1.000000,PASS,1.500000,2.000000,24.000000,1.500000,2.000000,24.000000,PASS,0,0.000000,0.000000,0.000000,0.000000,24,0,,0.000000,0,0.000000,0.04644332,0.00000000,adaptive_quantile,0,0,0.1.3,1.0,0.1.2,0.1.0q,0.1.0,0.1.0,0.1.0,0.1
2025.11.28 03:50,US100,PERIOD_M5,Bid,25293.00000000,25296.38000000,25290.88000000,25294.50000000,140.00,9.21714286,24.348020,0.00036439,-1,0,0,0,0.00000000,0.00000000,0.00000000,0.00000000,0.00000000,0.00000000,0.00000000,0.00000000,0.00000000,0.00000000,0.00000000,0.00000000,0.00000000,0.00000000,0.00000000,0.00000000,0.00000000,0.00000000,0.00000000,0.00000000,0.00000000,0.00000000,0.000000,0.000000,1.000000,PASS,1.500000,2.000000,24.000000,1.500000,2.000000,24.000000,PASS,0,0.000000,0.000000,0.000000,0.000000,24,0,,0.000000,0,0.000000,0.23858593,0.00000000,adaptive_quantile,0,0,0.1.3,1.0,0.1.2,0.1.0q,0.1.0,0.1.0,0.1.0,0.1
2025.11.28 03:55,US100,PERIOD_M5,Bid,25294.50000000,25295.50000000,25290.75000000,25290.75000000,140.00,8.61928571,21.221812,0.00034081,-1,0,0,0,0.00000000,0.00000000,0.00000000,0.00000000,0.00000000,0.00000000,0.00000000,0.00000000,0.00000000,0.00000000,0.00000000,0.00000000,0.00000000,0.00000000,0.00000000,0.00000000,0.00000000,0.00000000,0.00000000,0.00000000,0.00000000,0.00000000,0.000000,0.000000,1.000000,PASS,1.500000,2.000000,24.000000,1.500000,2.000000,24.000000,PASS,0,0.000000,0.000000,0.000000,0.000000,24,0,,0.000000,0,0.000000,0.16279920,0.00000000,adaptive_quantile,0,0,0.1.3,1.0,0.1.2,0.1.0q,0.1.0,0.1.0,0.1.0,0.1
2025.11.28 04:00,US100,PERIOD_M5,Bid,25290.50000000,25293.88000000,25289.88000000,25293.88000000,140.00,8.54785714,19.662268,0.00033794,-1,0,0,0,0.00000000,0.00000000,0.00000000,0.00000000,0.00000000,0.00000000,0.00000000,0.00000000,0.00000000,0.00000000,0.00000000,0.00000000,0.00000000,0.00000000,0.00000000,0.00000000,0.00000000,0.00000000,0.00000000,0.00000000,0.00000000,0.00000000,0.000000,0.000000,1.000000,PASS,1.500000,2.000000,24.000000,1.500000,2.000000,24.000000,PASS,0,0.000000,0.000000,0.000000,0.000000,24,0,,0.000000,0,0.000000,0.18277461,0.00000000,adaptive_quantile,0,0,0.1.3,1.0,0.1.2,0.1.0q,0.1.0,0.1.0,0.1.0,0.1
2025.11.28 04:05,US100,PERIOD_M5,Bid,25293.88000000,25299.63000000,25293.88000000,25296.75000000,140.00,8.50285714,20.382995,0.00033612,-1,0,0,0,0.00000000,0.00000000,0.00000000,0.00000000,0.00000000,0.00000000,0.00000000,0.00000000,0.00000000,0.00000000,0.00000000,0.00000000,0.00000000,0.00000000,0.00000000,0.00000000,0.00000000,0.00000000,0.00000000,0.00000000,0.00000000,0.00000000,0.000000,0.000000,1.000000,PASS,1.500000,2.000000,24.000000,1.500000,2.000000,24.000000,PASS,0,0.000000,0.000000,0.000000,0.000000,24,0,,0.000000,0,0.000000,0.47163023,0.00000000,adaptive_quantile,0,0,0.1.3,1.0,0.1.2,0.1.0q,0.1.0,0.1.0,0.1.0,0.1
2025.11.28 04:10,US100,PERIOD_M5,Bid,25296.75000000,25296.88000000,25285.95000000,25289.88000000,140.00,8.67642857,17.810054,0.00034308,-1,0,0,0,0.00000000,0.00000000,0.00000000,0.00000000,0.00000000,0.00000000,0.00000000,0.00000000,0.00000000,0.00000000,0.00000000,0.00000000,0.00000000,0.00000000,0.00000000,0.00000000,0.00000000,0.00000000,0.00000000,0.00000000,0.00000000,0.00000000,0.000000,0.000000,1.000000,PASS,1.500000,2.000000,24.000000,1.500000,2.000000,24.000000,PASS,0,0.000000,0.000000,0.000000,0.000000,24,0,,0.000000,0,0.000000,0.29821418,0.00000000,adaptive_quantile,0,0,0.1.3,1.0,0.1.2,0.1.0q,0.1.0,0.1.0,0.1.0,0.1
2025.11.28 04:15,US100,PERIOD_M5,Bid,25289.88000000,25292.88000000,25288.63000000,25291.13000000,140.00,8.07785714,15.580172,0.00031939,-1,0,0,0,0.00000000,0.00000000,0.00000000,0.00000000,0.00000000,0.00000000,0.00000000,0.00000000,0.00000000,0.00000000,0.00000000,0.00000000,0.00000000,0.00000000,0.00000000,0.00000000,0.00000000,0.00000000,0.00000000,0.00000000,0.00000000,0.00000000,0.000000,0.000000,1.000000,PASS,1.500000,2.000000,24.000000,1.500000,2.000000,24.000000,PASS,0,0.000000,0.000000,0.000000,0.000000,24,0,,0.000000,0,0.000000,0.14979955,0.00000000,adaptive_quantile,0,0,0.1.3,1.0,0.1.2,0.1.0q,0.1.0,0.1.0,0.1.0,0.1
2025.11.28 04:20,US100,PERIOD_M5,Bid,25291.13000000,25293.75000000,25289.63000000,25291.50000000,140.00,7.37714286,14.368308,0.00029168,-1,0,0,0,0.00000000,0.00000000,0.00000000,0.00000000,0.00000000,0.00000000,0.00000000,0.00000000,0.00000000,0.00000000,0.00000000,0.00000000,0.00000000,0.00000000,0.00000000,0.00000000,0.00000000,0.00000000,0.00000000,0.00000000,0.00000000,0.00000000,0.000000,0.000000,1.000000,PASS,1.500000,2.000000,24.000000,1.500000,2.000000,24.000000,PASS,0,0.000000,0.000000,0.000000,0.000000,24,0,,0.000000,0,0.000000,0.10302819,0.00000000,adaptive_quantile,0,0,0.1.3,1.0,0.1.2,0.1.0q,0.1.0,0.1.0,0.1.0,0.1
2025.11.28 04:25,US100,PERIOD_M5,Bid,25291.13000000,25295.00000000,25291.13000000,25294.88000000,140.00,7.08714286,14.774728,0.00028018,-1,0,0,0,0.00000000,0.00000000,0.00000000,0.00000000,0.00000000,0.00000000,0.00000000,0.00000000,0.00000000,0.00000000,0.00000000,0.00000000,0.00000000,0.00000000,0.00000000,0.00000000,0.00000000,0.00000000,0.00000000,0.00000000,0.00000000,0.00000000,0.000000,0.000000,1.000000,PASS,1.500000,2.000000,24.000000,1.500000,2.000000,24.000000,PASS,0,0.000000,0.000000,0.000000,0.000000,24,0,,0.000000,0,0.000000,0.33446872,0.00000000,adaptive_quantile,0,0,0.1.3,1.0,0.1.2,0.1.0q,0.1.0,0.1.0,0.1.0,0.1
2025.11.28 04:30,US100,PERIOD_M5,Bid,25295.00000000,25298.00000000,25293.38000000,25294.00000000,140.00,6.56928571,17.474896,0.00025972,-1,0,0,0,0.00000000,0.00000000,0.00000000,0.00000000,0.00000000,0.00000000,0.00000000,0.00000000,0.00000000,0.00000000,0.00000000,0.00000000,0.00000000,0.00000000,0.00000000,0.00000000,0.00000000,0.00000000,0.00000000,0.00000000,0.00000000,0.00000000,0.000000,0.000000,1.000000,PASS,1.500000,2.000000,24.000000,1.500000,2.000000,24.000000,PASS,0,0.000000,0.000000,0.000000,0.000000,24,0,,0.000000,0,0.000000,0.20527074,0.00000000,adaptive_quantile,0,0,0.1.3,1.0,0.1.2,0.1.0q,0.1.0,0.1.0,0.1.0,0.1
2025.11.28 04:35,US100,PERIOD_M5,Bid,25293.38000000,25294.38000000,25289.70000000,25292.25000000,140.00,6.37714286,15.682406,0.00025214,-1,0,0,0,0.00000000,0.00000000,0.00000000,0.00000000,0.00000000,0.00000000,0.00000000,0.00000000,0.00000000,0.00000000,0.00000000,0.00000000,0.00000000,0.00000000,0.00000000,0.00000000,0.00000000,0.00000000,0.00000000,0.00000000,0.00000000,0.00000000,0.000000,0.000000,1.000000,PASS,1.500000,2.000000,24.000000,1.500000,2.000000,24.000000,PASS,0,0.000000,0.000000,0.000000,0.000000,24,0,,0.000000,0,0.000000,0.05696565,0.00000000,adaptive_quantile,0,0,0.1.3,1.0,0.1.2,0.1.0q,0.1.0,0.1.0,0.1.0,0.1
2025.11.28 04:40,US100,PERIOD_M5,Bid,25293.00000000,25296.50000000,25293.00000000,25295.63000000,140.00,5.67142857,15.969610,0.00022421,-1,0,0,0,0.00000000,0.00000000,0.00000000,0.00000000,0.00000000,0.00000000,0.00000000,0.00000000,0.00000000,0.00000000,0.00000000,0.00000000,0.00000000,0.00000000,0.00000000,0.00000000,0.00000000,0.00000000,0.00000000,0.00000000,0.00000000,0.00000000,0.000000,0.000000,1.000000,PASS,1.500000,2.000000,24.000000,1.500000,2.000000,24.000000,PASS,0,0.000000,0.000000,0.000000,0.000000,24,0,,0.000000,0,0.000000,0.48125706,0.00000000,adaptive_quantile,0,0,0.1.3,1.0,0.1.2,0.1.0q,0.1.0,0.1.0,0.1.0,0.1
2025.11.28 04:45,US100,PERIOD_M5,Bid,25295.63000000,25296.25000000,25295.63000000,25296.25000000,140.00,5.45714286,16.218519,0.00021573,-1,0,0,0,0.00000000,0.00000000,0.00000000,0.00000000,0.00000000,0.00000000,0.00000000,0.00000000,0.00000000,0.00000000,0.00000000,0.00000000,0.00000000,0.00000000,0.00000000,0.00000000,0.00000000,0.00000000,0.00000000,0.00000000,0.00000000,0.00000000,0.000000,0.000000,1.000000,PASS,1.500000,2.000000,24.000000,1.500000,2.000000,24.000000,PASS,0,0.000000,0.000000,0.000000,0.000000,24,0,,0.000000,0,0.000000,0.55531314,0.00000000,adaptive_quantile,0,0,0.1.3,1.0,0.1.2,0.1.0q,0.1.0,0.1.0,0.1.0,0.1
2025.11.28 04:50,US100,PERIOD_M5,Bid,25296.25000000,25296.25000000,25296.25000000,25296.25000000,140.00,4.49785714,16.434241,0.00017781,-1,0,0,0,0.00000000,0.00000000,0.00000000,0.00000000,0.00000000,0.00000000,0.00000000,0.00000000,0.00000000,0.00000000,0.00000000,0.00000000,0.00000000,0.00000000,0.00000000,0.00000000,0.00000000,0.00000000,0.00000000,0.00000000,0.00000000,0.00000000,0.000000,0.000000,1.000000,PASS,1.500000,2.000000,24.000000,1.500000,2.000000,24.000000,PASS,0,0.000000,0.000000,0.000000,0.000000,24,0,,0.000000,0,0.000000,0.60958170,0.00000000,adaptive_quantile,0,0,0.1.3,1.0,0.1.2,0.1.0q,0.1.0,0.1.0,0.1.0,0.1
2025.11.28 04:55,US100,PERIOD_M5,Bid,25296.25000000,25296.25000000,25296.25000000,25296.25000000,140.00,4.09571429,16.621200,0.00016191,-1,0,0,0,0.00000000,0.00000000,0.00000000,0.00000000,0.00000000,0.00000000,0.00000000,0.00000000,0.00000000,0.00000000,0.00000000,0.00000000,0.00000000,0.00000000,0.00000000,0.00000000,0.00000000,0.00000000,0.00000000,0.00000000,0.00000000,0.00000000,0.000000,0.000000,1.000000,PASS,1.500000,2.000000,24.000000,1.500000,2.000000,24.000000,PASS,0,0.000000,0.000000,0.000000,0.000000,24,0,,0.000000,0,0.000000,0.60567861,0.00000000,adaptive_quantile,0,0,0.1.3,1.0,0.1.2,0.1.0q,0.1.0,0.1.0,0.1.0,0.1
2025.11.28 05:00,US100,PERIOD_M5,Bid,25296.25000000,25296.25000000,25296.25000000,25296.25000000,140.00,3.70285714,16.783231,0.00014638,-1,0,0,0,0.00000000,0.00000000,0.00000000,0.00000000,0.00000000,0.00000000,0.00000000,0.00000000,0.00000000,0.00000000,0.00000000,0.00000000,0.00000000,0.00000000,0.00000000,0.00000000,0.00000000,0.00000000,0.00000000,0.00000000,0.00000000,0.00000000,0.000000,0.000000,1.000000,PASS,1.500000,2.000000,24.000000,1.500000,2.000000,24.000000,PASS,0,0.000000,0.000000,0.000000,0.000000,24,0,,0.000000,0,0.000000,0.60613482,0.00000000,adaptive_quantile,0,0,0.1.3,1.0,0.1.2,0.1.0q,0.1.0,0.1.0,0.1.0,0.1
2025.11.28 05:10,US100,PERIOD_M5,Bid,25296.25000000,25296.25000000,25296.25000000,25296.25000000,140.00,4.19214286,23.989481,0.00016572,-1,0,0,0,0.00000000,0.00000000,0.00000000,0.00000000,0.00000000,0.00000000,0.00000000,0.00000000,0.00000000,0.00000000,0.00000000,0.00000000,0.00000000,0.00000000,0.00000000,0.00000000,0.00000000,0.00000000,0.00000000,0.00000000,0.00000000,0.00000000,0.000000,0.000000,1.000000,PASS,1.500000,2.000000,24.000000,1.500000,2.000000,24.000000,PASS,0,0.000000,0.000000,0.000000,0.000000,24,0,,0.000000,0,0.000000,11.83732150,0.00000000,adaptive_quantile,0,0,0.1.3,1.0,0.1.2,0.1.0q,0.1.0,0.1.0,0.1.0,0.1
2025.11.28 05:15,US100,PERIOD_M5,Bid,25296.00000000,25296.00000000,25295.25000000,25295.25000000,140.00,3.14928571,18.651411,0.00012450,-1,0,0,0,0.00000000,0.00000000,0.00000000,0.00000000,0.00000000,0.00000000,0.00000000,0.00000000,0.00000000,0.00000000,0.00000000,0.00000000,0.00000000,0.00000000,0.00000000,0.00000000,0.00000000,0.00000000,0.00000000,0.00000000,0.00000000,0.00000000,0.000000,0.000000,1.000000,PASS,1.500000,2.000000,24.000000,1.500000,2.000000,24.000000,PASS,0,0.000000,0.000000,0.000000,0.000000,24,0,,0.000000,0,0.000000,0.29610391,0.00000000,adaptive_quantile,0,0,0.1.3,1.0,0.1.2,0.1.0q,0.1.0,0.1.0,0.1.0,0.1
2025.11.28 05:20,US100,PERIOD_M5,Bid,25295.25000000,25295.25000000,25295.25000000,25295.25000000,140.00,2.73857143,20.148797,0.00010826,-1,0,0,0,0.00000000,0.00000000,0.00000000,0.00000000,0.00000000,0.00000000,0.00000000,0.00000000,0.00000000,0.00000000,0.00000000,0.00000000,0.00000000,0.00000000,0.00000000,0.00000000,0.00000000,0.00000000,0.00000000,0.00000000,0.00000000,0.00000000,0.000000,0.000000,1.000000,PASS,1.500000,2.000000,24.000000,1.500000,2.000000,24.000000,PASS,0,0.000000,0.000000,0.000000,0.000000,24,0,,0.000000,0,0.000000,0.30808208,0.00000000,adaptive_quantile,0,0,0.1.3,1.0,0.1.2,0.1.0q,0.1.0,0.1.0,0.1.0,0.1
2025.11.28 15:30,US100,PERIOD_M5,Bid,25316.50000000,25320.00000000,25313.25000000,25318.88000000,140.00,3.36357143,16.923658,0.00013285,-1,0,0,0,0.00000000,0.00000000,0.00000000,0.00000000,0.00000000,0.00000000,0.00000000,0.00000000,0.00000000,0.00000000,0.00000000,0.00000000,0.00000000,0.00000000,0.00000000,0.00000000,0.00000000,0.00000000,0.00000000,0.00000000,0.00000000,0.00000000,0.000000,0.000000,1.000000,PASS,1.500000,2.000000,24.000000,1.500000,2.000000,24.000000,PASS,0,0.000000,0.000000,0.000000,0.000000,24,0,,0.000000,0,0.000000,7.33169367,0.00000000,adaptive_quantile,0,0,0.1.3,1.0,0.1.2,0.1.0q,0.1.0,0.1.0,0.1.0,0.1
2025.11.28 15:35,US100,PERIOD_M5,Bid,25318.75000000,25344.50000000,25318.00000000,25335.25000000,140.00,5.31500000,22.080805,0.00020979,-1,0,0,0,0.00000000,0.00000000,0.00000000,0.00000000,0.00000000,0.00000000,0.00000000,0.00000000,0.00000000,0.00000000,0.00000000,0.00000000,0.00000000,0.00000000,0.00000000,0.00000000,0.00000000,0.00000000,0.00000000,0.00000000,0.00000000,0.00000000,0.000000,0.000000,1.000000,PASS,1.500000,2.000000,24.000000,1.500000,2.000000,24.000000,PASS,0,0.000000,0.000000,0.000000,0.000000,24,0,,0.000000,0,0.000000,6.55597043,0.00000000,adaptive_quantile,0,0,0.1.3,1.0,0.1.2,0.1.0q,0.1.0,0.1.0,0.1.0,0.1
2025.11.28 15:40,US100,PERIOD_M5,Bid,25335.50000000,25337.75000000,25326.38000000,25332.88000000,140.00,5.83285714,24.279235,0.00023025,-1,0,0,0,0.00000000,0.00000000,0.00000000,0.00000000,0.00000000,0.00000000,0.00000000,0.00000000,0.00000000,0.00000000,0.00000000,0.00000000,0.00000000,0.00000000,0.00000000,0.00000000,0.00000000,0.00000000,0.00000000,0.00000000,0.00000000,0.00000000,0.000000,0.000000,1.000000,PASS,1.500000,2.000000,24.000000,1.500000,2.000000,24.000000,PASS,0,0.000000,0.000000,0.000000,0.000000,24,0,,0.000000,0,0.000000,5.03734732,0.00000000,adaptive_quantile,0,0,0.1.3,1.0,0.1.2,0.1.0q,0.1.0,0.1.0,0.1.0,0.1
2025.11.28 15:45,US100,PERIOD_M5,Bid,25332.88000000,25340.88000000,25332.00000000,25337.25000000,140.00,6.19071429,27.178275,0.00024433,-1,0,0,0,0.00000000,0.00000000,0.00000000,0.00000000,0.00000000,0.00000000,0.00000000,0.00000000,0.00000000,0.00000000,0.00000000,0.00000000,0.00000000,0.00000000,0.00000000,0.00000000,0.00000000,0.00000000,0.00000000,0.00000000,0.00000000,0.00000000,0.000000,0.000000,1.000000,PASS,1.500000,2.000000,24.000000,1.500000,2.000000,24.000000,PASS,0,0.000000,0.000000,0.000000,0.000000,24,0,,0.000000,0,0.000000,4.93281350,0.00000000,adaptive_quantile,0,0,0.1.3,1.0,0.1.2,0.1.0q,0.1.0,0.1.0,0.1.0,0.1
2025.11.28 15:50,US100,PERIOD_M5,Bid,25337.38000000,25337.63000000,25325.38000000,25328.63000000,140.00,6.73571429,26.250472,0.00026593,-1,0,0,0,0.00000000,0.00000000,0.00000000,0.00000000,0.00000000,0.00000000,0.00000000,0.00000000,0.00000000,0.00000000,0.00000000,0.00000000,0.00000000,0.00000000,0.00000000,0.00000000,0.00000000,0.00000000,0.00000000,0.00000000,0.00000000,0.00000000,0.000000,0.000000,1.000000,PASS,1.500000,2.000000,24.000000,1.500000,2.000000,24.000000,PASS,0,0.000000,0.000000,0.000000,0.000000,24,0,,0.000000,0,0.000000,2.94404483,0.00000000,adaptive_quantile,0,0,0.1.3,1.0,0.1.2,0.1.0q,0.1.0,0.1.0,0.1.0,0.1
2025.11.28 15:55,US100,PERIOD_M5,Bid,25328.50000000,25334.75000000,25319.75000000,25319.88000000,140.00,7.47285714,23.458079,0.00029514,-1,0,0,0,0.00000000,0.00000000,0.00000000,0.00000000,0.00000000,0.00000000,0.00000000,0.00000000,0.00000000,0.00000000,0.00000000,0.00000000,0.00000000,0.00000000,0.00000000,0.00000000,0.00000000,0.00000000,0.00000000,0.00000000,0.00000000,0.00000000,0.000000,0.000000,1.000000,PASS,1.500000,2.000000,24.000000,1.500000,2.000000,24.000000,PASS,0,0.000000,0.000000,0.000000,0.000000,24,0,,0.000000,0,0.000000,1.34151948,0.00000000,adaptive_quantile,0,0,0.1.3,1.0,0.1.2,0.1.0q,0.1.0,0.1.0,0.1.0,0.1
2025.11.28 16:00,US100,PERIOD_M5,Bid,25319.88000000,25333.25000000,25319.88000000,25333.25000000,140.00,8.12428571,21.038006,0.00032070,-1,0,0,0,0.00000000,0.00000000,0.00000000,0.00000000,0.00000000,0.00000000,0.00000000,0.00000000,0.00000000,0.00000000,0.00000000,0.00000000,0.00000000,0.00000000,0.00000000,0.00000000,0.00000000,0.00000000,0.00000000,0.00000000,0.00000000,0.00000000,0.000000,0.000000,1.000000,PASS,1.500000,2.000000,24.000000,1.500000,2.000000,24.000000,PASS,0,0.000000,0.000000,0.000000,0.000000,24,0,,0.000000,0,0.000000,2.60538471,0.00000000,adaptive_quantile,0,0,0.1.3,1.0,0.1.2,0.1.0q,0.1.0,0.1.0,0.1.0,0.1
2025.11.28 16:05,US100,PERIOD_M5,Bid,25333.25000000,25335.00000000,25324.00000000,25334.00000000,140.00,8.86571429,19.766573,0.00034995,-1,0,0,0,0.00000000,0.00000000,0.00000000,0.00000000,0.00000000,0.00000000,0.00000000,0.00000000,0.00000000,0.00000000,0.00000000,0.00000000,0.00000000,0.00000000,0.00000000,0.00000000,0.00000000,0.00000000,0.00000000,0.00000000,0.00000000,0.00000000,0.000000,0.000000,1.000000,PASS,1.500000,2.000000,24.000000,1.500000,2.000000,24.000000,PASS,0,0.000000,0.000000,0.000000,0.000000,24,0,,0.000000,0,0.000000,2.23665756,0.00000000,adaptive_quantile,0,0,0.1.3,1.0,0.1.2,0.1.0q,0.1.0,0.1.0,0.1.0,0.1
2025.11.28 16:10,US100,PERIOD_M5,Bid,25334.00000000,25334.88000000,25317.75000000,25320.75000000,140.00,10.08928571,17.791284,0.00039846,-1,0,0,0,0.00000000,0.00000000,0.00000000,0.00000000,0.00000000,0.00000000,0.00000000,0.00000000,0.00000000,0.00000000,0.00000000,0.00000000,0.00000000,0.00000000,0.00000000,0.00000000,0.00000000,0.00000000,0.00000000,0.00000000,0.00000000,0.00000000,0.000000,0.000000,1.000000,PASS,1.500000,2.000000,24.000000,1.500000,2.000000,24.000000,PASS,0,0.000000,0.000000,0.000000,0.000000,24,0,,0.000000,0,0.000000,0.59002606,0.00000000,adaptive_quantile,0,0,0.1.3,1.0,0.1.2,0.1.0q,0.1.0,0.1.0,0.1.0,0.1
2025.11.28 16:15,US100,PERIOD_M5,Bid,25320.75000000,25326.88000000,25315.13000000,25317.00000000,140.00,10.92857143,17.273824,0.00043167,-1,0,0,0,0.00000000,0.00000000,0.00000000,0.00000000,0.00000000,0.00000000,0.00000000,0.00000000,0.00000000,0.00000000,0.00000000,0.00000000,0.00000000,0.00000000,0.00000000,0.00000000,0.00000000,0.00000000,0.00000000,0.00000000,0.00000000,0.00000000,0.000000,0.000000,1.000000,PASS,1.500000,2.000000,24.000000,1.500000,2.000000,24.000000,PASS,0,0.000000,0.000000,0.000000,0.000000,24,0,,0.000000,0,0.000000,0.18237860,0.00000000,adaptive_quantile,0,0,0.1.3,1.0,0.1.2,0.1.0q,0.1.0,0.1.0,0.1.0,0.1
2025.11.28 16:20,US100,PERIOD_M5,Bid,25317.13000000,25317.13000000,25296.38000000,25302.63000000,140.00,12.41071429,20.336662,0.00049049,-1,0,0,0,0.00000000,0.00000000,0.00000000,0.00000000,0.00000000,0.00000000,0.00000000,0.00000000,0.00000000,0.00000000,0.00000000,0.00000000,0.00000000,0.00000000,0.00000000,0.00000000,0.00000000,0.00000000,0.00000000,0.00000000,0.00000000,0.00000000,0.000000,0.000000,1.000000,PASS,1.500000,2.000000,24.000000,1.500000,2.000000,24.000000,PASS,0,0.000000,0.000000,0.000000,0.000000,24,0,,0.000000,0,0.000000,0.90229405,0.00000000,adaptive_quantile,0,0,0.1.3,1.0,0.1.2,0.1.0q,0.1.0,0.1.0,0.1.0,0.1
2025.11.28 16:25,US100,PERIOD_M5,Bid,25303.00000000,25324.75000000,25303.00000000,25306.88000000,140.00,13.99071429,20.773372,0.00055284,-1,0,0,0,0.00000000,0.00000000,0.00000000,0.00000000,0.00000000,0.00000000,0.00000000,0.00000000,0.00000000,0.00000000,0.00000000,0.00000000,0.00000000,0.00000000,0.00000000,0.00000000,0.00000000,0.00000000,0.00000000,0.00000000,0.00000000,0.00000000,0.000000,0.000000,1.000000,PASS,1.500000,2.000000,24.000000,1.500000,2.000000,24.000000,PASS,0,0.000000,0.000000,0.000000,0.000000,24,0,,0.000000,0,0.000000,0.44932578,0.00000000,adaptive_quantile,0,0,0.1.3,1.0,0.1.2,0.1.0q,0.1.0,0.1.0,0.1.0,0.1
2025.11.28 16:30,US100,PERIOD_M5,Bid,25309.13000000,25344.73000000,25301.50000000,25343.48000000,120.00,17.00714286,18.595221,0.00067107,-1,0,0,0,0.00000000,0.00000000,0.00000000,0.00000000,0.00000000,0.00000000,0.00000000,0.00000000,0.00000000,0.00000000,0.00000000,0.00000000,0.00000000,0.00000000,0.00000000,0.00000000,0.00000000,0.00000000,0.00000000,0.00000000,0.00000000,0.00000000,0.000000,0.000000,1.000000,PASS,1.500000,2.000000,24.000000,1.500000,2.000000,24.000000,PASS,0,0.000000,0.000000,0.000000,0.000000,24,0,,0.000000,0,0.000000,1.61265188,0.00000000,adaptive_quantile,0,0,0.1.3,1.0,0.1.2,0.1.0q,0.1.0,0.1.0,0.1.0,0.1
2025.11.28 16:35,US100,PERIOD_M5,Bid,25343.48000000,25369.85000000,25321.73000000,25324.10000000,120.00,20.44428571,17.865929,0.00080731,-1,0,0,0,0.00000000,0.00000000,0.00000000,0.00000000,0.00000000,0.00000000,0.00000000,0.00000000,0.00000000,0.00000000,0.00000000,0.00000000,0.00000000,0.00000000,0.00000000,0.00000000,0.00000000,0.00000000,0.00000000,0.00000000,0.00000000,0.00000000,0.000000,0.000000,1.000000,PASS,1.500000,2.000000,24.000000,1.500000,2.000000,24.000000,PASS,0,0.000000,0.000000,0.000000,0.000000,24,0,,0.000000,0,0.000000,0.35610234,0.00000000,adaptive_quantile,0,0,0.1.3,1.0,0.1.2,0.1.0q,0.1.0,0.1.0,0.1.0,0.1
2025.11.28 16:40,US100,PERIOD_M5,Bid,25324.35000000,25331.48000000,25280.48000000,25305.85000000,120.00,22.31928571,17.220220,0.00088198,-1,0,0,0,0.00000000,0.00000000,0.00000000,0.00000000,0.00000000,0.00000000,0.00000000,0.00000000,0.00000000,0.00000000,0.00000000,0.00000000,0.00000000,0.00000000,0.00000000,0.00000000,0.00000000,0.00000000,0.00000000,0.00000000,0.00000000,0.00000000,0.000000,0.000000,1.000000,PASS,1.500000,2.000000,24.000000,1.500000,2.000000,24.000000,PASS,0,0.000000,0.000000,0.000000,0.000000,24,0,,0.000000,0,0.000000,0.44468290,0.00000000,adaptive_quantile,0,0,0.1.3,1.0,0.1.2,0.1.0q,0.1.0,0.1.0,0.1.0,0.1
2025.11.28 16:45,US100,PERIOD_M5,Bid,25306.23000000,25340.85000000,25291.60000000,25340.73000000,120.00,23.94428571,15.771001,0.00094489,-1,0,0,0,0.00000000,0.00000000,0.00000000,0.00000000,0.00000000,0.00000000,0.00000000,0.00000000,0.00000000,0.00000000,0.00000000,0.00000000,0.00000000,0.00000000,0.00000000,0.00000000,0.00000000,0.00000000,0.00000000,0.00000000,0.00000000,0.00000000,0.000000,0.000000,1.000000,PASS,1.500000,2.000000,24.000000,1.500000,2.000000,24.000000,PASS,0,0.000000,0.000000,0.000000,0.000000,24,0,,0.000000,0,0.000000,0.94295271,0.00000000,adaptive_quantile,0,0,0.1.3,1.0,0.1.2,0.1.0q,0.1.0,0.1.0,0.1.0,0.1
2025.11.28 16:50,US100,PERIOD_M5,Bid,25340.73000000,25347.10000000,25311.60000000,25330.85000000,120.00,25.66785714,13.674215,0.00101330,-1,0,0,0,0.00000000,0.00000000,0.00000000,0.00000000,0.00000000,0.00000000,0.00000000,0.00000000,0.00000000,0.00000000,0.00000000,0.00000000,0.00000000,0.00000000,0.00000000,0.00000000,0.00000000,0.00000000,0.00000000,0.00000000,0.00000000,0.00000000,0.000000,0.000000,1.000000,PASS,1.500000,2.000000,24.000000,1.500000,2.000000,24.000000,PASS,0,0.000000,0.000000,0.000000,0.000000,24,0,,0.000000,0,0.000000,0.44760123,0.00000000,adaptive_quantile,0,0,0.1.3,1.0,0.1.2,0.1.0q,0.1.0,0.1.0,0.1.0,0.1
2025.11.28 16:55,US100,PERIOD_M5,Bid,25331.10000000,25338.73000000,25311.73000000,25318.23000000,120.00,26.96214286,11.856999,0.00106493,-1,0,0,0,0.00000000,0.00000000,0.00000000,0.00000000,0.00000000,0.00000000,0.00000000,0.00000000,0.00000000,0.00000000,0.00000000,0.00000000,0.00000000,0.00000000,0.00000000,0.00000000,0.00000000,0.00000000,0.00000000,0.00000000,0.00000000,0.00000000,0.000000,0.000000,1.000000,PASS,1.500000,2.000000,24.000000,1.500000,2.000000,24.000000,PASS,0,0.000000,0.000000,0.000000,0.000000,24,0,,0.000000,0,0.000000,0.03795388,0.00000000,adaptive_quantile,0,0,0.1.3,1.0,0.1.2,0.1.0q,0.1.0,0.1.0,0.1.0,0.1
2025.11.28 17:00,US100,PERIOD_M5,Bid,25318.23000000,25338.23000000,25313.10000000,25314.35000000,120.00,27.88214286,10.282080,0.00110144,-1,0,0,0,0.00000000,0.00000000,0.00000000,0.00000000,0.00000000,0.00000000,0.00000000,0.00000000,0.00000000,0.00000000,0.00000000,0.00000000,0.00000000,0.00000000,0.00000000,0.00000000,0.00000000,0.00000000,0.00000000,0.00000000,0.00000000,0.00000000,0.000000,0.000000,1.000000,PASS,1.500000,2.000000,24.000000,1.500000,2.000000,24.000000,PASS,0,0.000000,0.000000,0.000000,0.000000,24,0,,0.000000,0,0.000000,0.15911027,0.00000000,adaptive_quantile,0,0,0.1.3,1.0,0.1.2,0.1.0q,0.1.0,0.1.0,0.1.0,0.1
2025.11.28 17:05,US100,PERIOD_M5,Bid,25314.35000000,25328.85000000,25301.23000000,25324.98000000,120.00,28.78357143,11.341405,0.00113657,-1,0,0,0,0.00000000,0.00000000,0.00000000,0.00000000,0.00000000,0.00000000,0.00000000,0.00000000,0.00000000,0.00000000,0.00000000,0.00000000,0.00000000,0.00000000,0.00000000,0.00000000,0.00000000,0.00000000,0.00000000,0.00000000,0.00000000,0.00000000,0.000000,0.000000,1.000000,PASS,1.500000,2.000000,24.000000,1.500000,2.000000,24.000000,PASS,0,0.000000,0.000000,0.000000,0.000000,24,0,,0.000000,0,0.000000,0.19468716,0.00000000,adaptive_quantile,0,0,0.1.3,1.0,0.1.2,0.1.0q,0.1.0,0.1.0,0.1.0,0.1
2025.11.28 17:10,US100,PERIOD_M5,Bid,25324.73000000,25335.60000000,25309.48000000,25330.10000000,120.00,29.69428571,10.492945,0.00117229,-1,0,0,0,0.00000000,0.00000000,0.00000000,0.00000000,0.00000000,0.00000000,0.00000000,0.00000000,0.00000000,0.00000000,0.00000000,0.00000000,0.00000000,0.00000000,0.00000000,0.00000000,0.00000000,0.00000000,0.00000000,0.00000000,0.00000000,0.00000000,0.000000,0.000000,1.000000,PASS,1.500000,2.000000,24.000000,1.500000,2.000000,24.000000,PASS,0,0.000000,0.000000,0.000000,0.000000,24,0,,0.000000,0,0.000000,0.32674564,0.00000000,adaptive_quantile,0,0,0.1.3,1.0,0.1.2,0.1.0q,0.1.0,0.1.0,0.1.0,0.1
2025.11.28 17:15,US100,PERIOD_M5,Bid,25330.10000000,25344.73000000,25330.10000000,25341.48000000,120.00,29.95357143,11.760817,0.00118200,-1,0,0,0,0.00000000,0.00000000,0.00000000,0.00000000,0.00000000,0.00000000,0.00000000,0.00000000,0.00000000,0.00000000,0.00000000,0.00000000,0.00000000,0.00000000,0.00000000,0.00000000,0.00000000,0.00000000,0.00000000,0.00000000,0.00000000,0.00000000,0.000000,0.000000,1.000000,PASS,1.500000,2.000000,24.000000,1.500000,2.000000,24.000000,PASS,0,0.000000,0.000000,0.000000,0.000000,24,0,,0.000000,0,0.000000,0.63680631,0.00000000,adaptive_quantile,0,0,0.1.3,1.0,0.1.2,0.1.0q,0.1.0,0.1.0,0.1.0,0.1
2025.11.28 17:20,US100,PERIOD_M5,Bid,25341.48000000,25350.48000000,25325.73000000,25330.60000000,120.00,30.49785714,13.848784,0.00120399,-1,0,0,0,0.00000000,0.00000000,0.00000000,0.00000000,0.00000000,0.00000000,0.00000000,0.00000000,0.00000000,0.00000000,0.00000000,0.00000000,0.00000000,0.00000000,0.00000000,0.00000000,0.00000000,0.00000000,0.00000000,0.00000000,0.00000000,0.00000000,0.000000,0.000000,1.000000,PASS,1.500000,2.000000,24.000000,1.500000,2.000000,24.000000,PASS,0,0.000000,0.000000,0.000000,0.000000,24,0,,0.000000,0,0.000000,0.24310505,0.00000000,adaptive_quantile,0,0,0.1.3,1.0,0.1.2,0.1.0q,0.1.0,0.1.0,0.1.0,0.1
2025.11.28 17:25,US100,PERIOD_M5,Bid,25330.48000000,25337.10000000,25307.85000000,25317.23000000,120.00,31.74785714,12.078577,0.00125400,-1,0,0,0,0.00000000,0.00000000,0.00000000,0.00000000,0.00000000,0.00000000,0.00000000,0.00000000,0.00000000,0.00000000,0.00000000,0.00000000,0.00000000,0.00000000,0.00000000,0.00000000,0.00000000,0.00000000,0.00000000,0.00000000,0.00000000,0.00000000,0.000000,0.000000,1.000000,PASS,1.500000,2.000000,24.000000,1.500000,2.000000,24.000000,PASS,0,0.000000,0.000000,0.000000,0.000000,24,0,,0.000000,0,0.000000,0.16973103,0.00000000,adaptive_quantile,0,0,0.1.3,1.0,0.1.2,0.1.0q,0.1.0,0.1.0,0.1.0,0.1
2025.11.28 17:30,US100,PERIOD_M5,Bid,25316.73000000,25339.98000000,25307.85000000,25331.48000000,120.00,32.56071429,10.872378,0.00128539,-1,0,0,0,0.00000000,0.00000000,0.00000000,0.00000000,0.00000000,0.00000000,0.00000000,0.00000000,0.00000000,0.00000000,0.00000000,0.00000000,0.00000000,0.00000000,0.00000000,0.00000000,0.00000000,0.00000000,0.00000000,0.00000000,0.00000000,0.00000000,0.000000,0.000000,1.000000,PASS,1.500000,2.000000,24.000000,1.500000,2.000000,24.000000,PASS,0,0.000000,0.000000,0.000000,0.000000,24,0,,0.000000,0,0.000000,0.24623110,0.00000000,adaptive_quantile,0,0,0.1.3,1.0,0.1.2,0.1.0q,0.1.0,0.1.0,0.1.0,0.1
2025.11.28 17:35,US100,PERIOD_M5,Bid,25331.23000000,25340.35000000,25318.23000000,25330.10000000,120.00,32.56071429,9.926010,0.00128546,-1,0,0,0,0.00000000,0.00000000,0.00000000,0.00000000,0.00000000,0.00000000,0.00000000,0.00000000,0.00000000,0.00000000,0.00000000,0.00000000,0.00000000,0.00000000,0.00000000,0.00000000,0.00000000,0.00000000,0.00000000,0.00000000,0.00000000,0.00000000,0.000000,0.000000,1.000000,PASS,1.500000,2.000000,24.000000,1.500000,2.000000,24.000000,PASS,0,0.000000,0.000000,0.000000,0.000000,24,0,,0.000000,0,0.000000,0.18443457,0.00000000,adaptive_quantile,0,0,0.1.3,1.0,0.1.2,0.1.0q,0.1.0,0.1.0,0.1.0,0.1
2025.11.28 17:40,US100,PERIOD_M5,Bid,25329.73000000,25342.98000000,25325.23000000,25337.23000000,120.00,30.74071429,10.037104,0.00121326,-1,0,0,0,0.00000000,0.00000000,0.00000000,0.00000000,0.00000000,0.00000000,0.00000000,0.00000000,0.00000000,0.00000000,0.00000000,0.00000000,0.00000000,0.00000000,0.00000000,0.00000000,0.00000000,0.00000000,0.00000000,0.00000000,0.00000000,0.00000000,0.000000,0.000000,1.000000,PASS,1.500000,2.000000,24.000000,1.500000,2.000000,24.000000,PASS,0,0.000000,0.000000,0.000000,0.000000,24,0,,0.000000,0,0.000000,0.38659929,0.00000000,adaptive_quantile,0,0,0.1.3,1.0,0.1.2,0.1.0q,0.1.0,0.1.0,0.1.0,0.1
2025.11.28 17:45,US100,PERIOD_M5,Bid,25337.23000000,25349.60000000,25327.48000000,25348.85000000,120.00,28.88357143,11.855019,0.00113944,-1,0,0,0,0.00000000,0.00000000,0.00000000,0.00000000,0.00000000,0.00000000,0.00000000,0.00000000,0.00000000,0.00000000,0.00000000,0.00000000,0.00000000,0.00000000,0.00000000,0.00000000,0.00000000,0.00000000,0.00000000,0.00000000,0.00000000,0.00000000,0.000000,0.000000,1.000000,PASS,1.500000,2.000000,24.000000,1.500000,2.000000,24.000000,PASS,0,0.000000,0.000000,0.000000,0.000000,24,0,,0.000000,0,0.000000,0.73626040,0.00000000,adaptive_quantile,0,0,0.1.3,1.0,0.1.2,0.1.0q,0.1.0,0.1.0,0.1.0,0.1
2025.11.28 17:50,US100,PERIOD_M5,Bid,25349.23000000,25369.23000000,25348.23000000,25364.85000000,120.00,26.74071429,16.918588,0.00105424,-1,0,0,0,0.00000000,0.00000000,0.00000000,0.00000000,0.00000000,0.00000000,0.00000000,0.00000000,0.00000000,0.00000000,0.00000000,0.00000000,0.00000000,0.00000000,0.00000000,0.00000000,0.00000000,0.00000000,0.00000000,0.00000000,0.00000000,0.00000000,0.000000,0.000000,1.000000,PASS,1.500000,2.000000,24.000000,1.500000,2.000000,24.000000,PASS,0,0.000000,0.000000,0.000000,0.000000,24,0,,0.000000,0,0.000000,1.26087519,0.00000000,adaptive_quantile,0,0,0.1.3,1.0,0.1.2,0.1.0q,0.1.0,0.1.0,0.1.0,0.1
2025.11.28 17:55,US100,PERIOD_M5,Bid,25364.85000000,25364.98000000,25343.85000000,25357.60000000,120.00,24.73214286,19.696321,0.00097533,-1,0,0,0,0.00000000,0.00000000,0.00000000,0.00000000,0.00000000,0.00000000,0.00000000,0.00000000,0.00000000,0.00000000,0.00000000,0.00000000,0.00000000,0.00000000,0.00000000,0.00000000,0.00000000,0.00000000,0.00000000,0.00000000,0.00000000,0.00000000,0.000000,0.000000,1.000000,PASS,1.500000,2.000000,24.000000,1.500000,2.000000,24.000000,PASS,0,0.000000,0.000000,0.000000,0.000000,24,0,,0.000000,0,0.000000,0.96821634,0.00000000,adaptive_quantile,0,0,0.1.3,1.0,0.1.2,0.1.0q,0.1.0,0.1.0,0.1.0,0.1
2025.11.28 18:00,US100,PERIOD_M5,Bid,25357.23000000,25366.85000000,25346.98000000,25363.60000000,120.00,23.61571429,22.440037,0.00093109,-1,0,0,0,0.00000000,0.00000000,0.00000000,0.00000000,0.00000000,0.00000000,0.00000000,0.00000000,0.00000000,0.00000000,0.00000000,0.00000000,0.00000000,0.00000000,0.00000000,0.00000000,0.00000000,0.00000000,0.00000000,0.00000000,0.00000000,0.00000000,0.000000,0.000000,1.000000,PASS,1.500000,2.000000,24.000000,1.500000,2.000000,24.000000,PASS,0,0.000000,0.000000,0.000000,0.000000,24,0,,0.000000,0,0.000000,1.14728940,0.00000000,adaptive_quantile,0,0,0.1.3,1.0,0.1.2,0.1.0q,0.1.0,0.1.0,0.1.0,0.1
2025.11.28 18:05,US100,PERIOD_M5,Bid,25363.23000000,25383.48000000,25359.85000000,25383.35000000,120.00,23.37500000,26.881062,0.00092088,-1,0,0,0,0.00000000,0.00000000,0.00000000,0.00000000,0.00000000,0.00000000,0.00000000,0.00000000,0.00000000,0.00000000,0.00000000,0.00000000,0.00000000,0.00000000,0.00000000,0.00000000,0.00000000,0.00000000,0.00000000,0.00000000,0.00000000,0.00000000,0.000000,0.000000,1.000000,PASS,1.500000,2.000000,24.000000,1.500000,2.000000,24.000000,PASS,0,0.000000,0.000000,0.000000,0.000000,24,0,,0.000000,0,0.000000,1.81316448,0.00000000,adaptive_quantile,0,0,0.1.3,1.0,0.1.2,0.1.0q,0.1.0,0.1.0,0.1.0,0.1
2025.11.28 18:10,US100,PERIOD_M5,Bid,25383.10000000,25384.10000000,25370.35000000,25377.23000000,120.00,22.56214286,30.840834,0.00088907,-1,0,0,0,0.00000000,0.00000000,0.00000000,0.00000000,0.00000000,0.00000000,0.00000000,0.00000000,0.00000000,0.00000000,0.00000000,0.00000000,0.00000000,0.00000000,0.00000000,0.00000000,0.00000000,0.00000000,0.00000000,0.00000000,0.00000000,0.00000000,0.000000,0.000000,1.000000,PASS,1.500000,2.000000,24.000000,1.500000,2.000000,24.000000,PASS,0,0.000000,0.000000,0.000000,0.000000,24,0,,0.000000,0,0.000000,1.45416717,0.00000000,adaptive_quantile,0,0,0.1.3,1.0,0.1.2,0.1.0q,0.1.0,0.1.0,0.1.0,0.1
2025.11.28 18:15,US100,PERIOD_M5,Bid,25377.23000000,25384.35000000,25372.73000000,25376.23000000,120.00,21.41928571,34.331923,0.00084407,-1,0,0,0,0.00000000,0.00000000,0.00000000,0.00000000,0.00000000,0.00000000,0.00000000,0.00000000,0.00000000,0.00000000,0.00000000,0.00000000,0.00000000,0.00000000,0.00000000,0.00000000,0.00000000,0.00000000,0.00000000,0.00000000,0.00000000,0.00000000,0.000000,0.000000,1.000000,PASS,1.500000,2.000000,24.000000,1.500000,2.000000,24.000000,PASS,0,0.000000,0.000000,0.000000,0.000000,24,0,,0.000000,0,0.000000,1.34363429,0.00000000,adaptive_quantile,0,0,0.1.3,1.0,0.1.2,0.1.0q,0.1.0,0.1.0,0.1.0,0.1
2025.11.28 18:20,US100,PERIOD_M5,Bid,25376.60000000,25376.85000000,25344.48000000,25352.85000000,120.00,21.86571429,30.573987,0.00086246,-1,0,0,0,0.00000000,0.00000000,0.00000000,0.00000000,0.00000000,0.00000000,0.00000000,0.00000000,0.00000000,0.00000000,0.00000000,0.00000000,0.00000000,0.00000000,0.00000000,0.00000000,0.00000000,0.00000000,0.00000000,0.00000000,0.00000000,0.00000000,0.000000,0.000000,1.000000,PASS,1.500000,2.000000,24.000000,1.500000,2.000000,24.000000,PASS,0,0.000000,0.000000,0.000000,0.000000,24,0,,0.000000,0,0.000000,0.22342882,0.00000000,adaptive_quantile,0,0,0.1.3,1.0,0.1.2,0.1.0q,0.1.0,0.1.0,0.1.0,0.1
2025.11.28 18:25,US100,PERIOD_M5,Bid,25352.73000000,25355.35000000,25316.60000000,25337.35000000,120.00,23.58857143,29.012191,0.00093098,-1,0,0,0,0.00000000,0.00000000,0.00000000,0.00000000,0.00000000,0.00000000,0.00000000,0.00000000,0.00000000,0.00000000,0.00000000,0.00000000,0.00000000,0.00000000,0.00000000,0.00000000,0.00000000,0.00000000,0.00000000,0.00000000,0.00000000,0.00000000,0.000000,0.000000,1.000000,PASS,1.500000,2.000000,24.000000,1.500000,2.000000,24.000000,PASS,0,0.000000,0.000000,0.000000,0.000000,24,0,,0.000000,0,0.000000,0.40713181,0.00000000,adaptive_quantile,0,0,0.1.3,1.0,0.1.2,0.1.0q,0.1.0,0.1.0,0.1.0,0.1
2025.11.28 18:30,US100,PERIOD_M5,Bid,25337.35000000,25355.35000000,25322.48000000,25350.85000000,120.00,24.16857143,27.658634,0.00095336,-1,0,0,0,0.00000000,0.00000000,0.00000000,0.00000000,0.00000000,0.00000000,0.00000000,0.00000000,0.00000000,0.00000000,0.00000000,0.00000000,0.00000000,0.00000000,0.00000000,0.00000000,0.00000000,0.00000000,0.00000000,0.00000000,0.00000000,0.00000000,0.000000,0.000000,1.000000,PASS,1.500000,2.000000,24.000000,1.500000,2.000000,24.000000,PASS,0,0.000000,0.000000,0.000000,0.000000,24,0,,0.000000,0,0.000000,0.14586141,0.00000000,adaptive_quantile,0,0,0.1.3,1.0,0.1.2,0.1.0q,0.1.0,0.1.0,0.1.0,0.1
2025.11.28 18:35,US100,PERIOD_M5,Bid,25350.98000000,25367.85000000,25345.73000000,25360.48000000,120.00,23.65928571,24.588653,0.00093292,-1,0,0,0,0.00000000,0.00000000,0.00000000,0.00000000,0.00000000,0.00000000,0.00000000,0.00000000,0.00000000,0.00000000,0.00000000,0.00000000,0.00000000,0.00000000,0.00000000,0.00000000,0.00000000,0.00000000,0.00000000,0.00000000,0.00000000,0.00000000,0.000000,0.000000,1.000000,PASS,1.500000,2.000000,24.000000,1.500000,2.000000,24.000000,PASS,0,0.000000,0.000000,0.000000,0.000000,24,0,,0.000000,0,0.000000,0.50307435,0.00000000,adaptive_quantile,0,0,0.1.3,1.0,0.1.2,0.1.0q,0.1.0,0.1.0,0.1.0,0.1
2025.11.28 18:40,US100,PERIOD_M5,Bid,25360.73000000,25364.10000000,25329.98000000,25353.60000000,120.00,23.80142857,22.883289,0.00093878,-1,0,0,0,0.00000000,0.00000000,0.00000000,0.00000000,0.00000000,0.00000000,0.00000000,0.00000000,0.00000000,0.00000000,0.00000000,0.00000000,0.00000000,0.00000000,0.00000000,0.00000000,0.00000000,0.00000000,0.00000000,0.00000000,0.00000000,0.00000000,0.000000,0.000000,1.000000,PASS,1.500000,2.000000,24.000000,1.500000,2.000000,24.000000,PASS,0,0.000000,0.000000,0.000000,0.000000,24,0,,0.000000,0,0.000000,0.19091535,0.00000000,adaptive_quantile,0,0,0.1.3,1.0,0.1.2,0.1.0q,0.1.0,0.1.0,0.1.0,0.1
2025.11.28 18:45,US100,PERIOD_M5,Bid,25353.60000000,25367.60000000,25348.60000000,25360.35000000,120.00,23.57857143,20.400071,0.00092974,-1,0,0,0,0.00000000,0.00000000,0.00000000,0.00000000,0.00000000,0.00000000,0.00000000,0.00000000,0.00000000,0.00000000,0.00000000,0.00000000,0.00000000,0.00000000,0.00000000,0.00000000,0.00000000,0.00000000,0.00000000,0.00000000,0.00000000,0.00000000,0.000000,0.000000,1.000000,PASS,1.500000,2.000000,24.000000,1.500000,2.000000,24.000000,PASS,0,0.000000,0.000000,0.000000,0.000000,24,0,,0.000000,0,0.000000,0.43337797,0.00000000,adaptive_quantile,0,0,0.1.3,1.0,0.1.2,0.1.0q,0.1.0,0.1.0,0.1.0,0.1
2025.11.28 18:50,US100,PERIOD_M5,Bid,25360.35000000,25381.60000000,25354.10000000,25372.23000000,120.00,24.27500000,19.572450,0.00095675,-1,0,0,0,0.00000000,0.00000000,0.00000000,0.00000000,0.00000000,0.00000000,0.00000000,0.00000000,0.00000000,0.00000000,0.00000000,0.00000000,0.00000000,0.00000000,0.00000000,0.00000000,0.00000000,0.00000000,0.00000000,0.00000000,0.00000000,0.00000000,0.000000,0.000000,1.000000,PASS,1.500000,2.000000,24.000000,1.500000,2.000000,24.000000,PASS,0,0.000000,0.000000,0.000000,0.000000,24,0,,0.000000,0,0.000000,0.82363834,0.00000000,adaptive_quantile,0,0,0.1.3,1.0,0.1.2,0.1.0q,0.1.0,0.1.0,0.1.0,0.1
2025.11.28 18:55,US100,PERIOD_M5,Bid,25372.10000000,25379.85000000,25363.60000000,25374.85000000,120.00,23.85571429,18.855178,0.00094013,-1,0,0,0,0.00000000,0.00000000,0.00000000,0.00000000,0.00000000,0.00000000,0.00000000,0.00000000,0.00000000,0.00000000,0.00000000,0.00000000,0.00000000,0.00000000,0.00000000,0.00000000,0.00000000,0.00000000,0.00000000,0.00000000,0.00000000,0.00000000,0.000000,0.000000,1.000000,PASS,1.500000,2.000000,24.000000,1.500000,2.000000,24.000000,PASS,0,0.000000,0.000000,0.000000,0.000000,24,0,,0.000000,0,0.000000,0.85766132,0.00000000,adaptive_quantile,0,0,0.1.3,1.0,0.1.2,0.1.0q,0.1.0,0.1.0,0.1.0,0.1
2025.11.28 19:00,US100,PERIOD_M5,Bid,25374.85000000,25375.60000000,25353.73000000,25371.35000000,120.00,23.91785714,17.079603,0.00094271,-1,0,0,0,0.00000000,0.00000000,0.00000000,0.00000000,0.00000000,0.00000000,0.00000000,0.00000000,0.00000000,0.00000000,0.00000000,0.00000000,0.00000000,0.00000000,0.00000000,0.00000000,0.00000000,0.00000000,0.00000000,0.00000000,0.00000000,0.00000000,0.000000,0.000000,1.000000,PASS,1.500000,2.000000,24.000000,1.500000,2.000000,24.000000,PASS,0,0.000000,0.000000,0.000000,0.000000,24,0,,0.000000,0,0.000000,0.64156557,0.00000000,adaptive_quantile,0,0,0.1.3,1.0,0.1.2,0.1.0q,0.1.0,0.1.0,0.1.0,0.1
2025.11.28 19:05,US100,PERIOD_M5,Bid,25371.23000000,25386.35000000,25368.60000000,25382.35000000,120.00,23.67642857,17.034100,0.00093279,-1,0,0,0,0.00000000,0.00000000,0.00000000,0.00000000,0.00000000,0.00000000,0.00000000,0.00000000,0.00000000,0.00000000,0.00000000,0.00000000,0.00000000,0.00000000,0.00000000,0.00000000,0.00000000,0.00000000,0.00000000,0.00000000,0.00000000,0.00000000,0.000000,0.000000,1.000000,PASS,1.500000,2.000000,24.000000,1.500000,2.000000,24.000000,PASS,0,0.000000,0.000000,0.000000,0.000000,24,0,,0.000000,0,0.000000,1.00673283,0.00000000,adaptive_quantile,0,0,0.1.3,1.0,0.1.2,0.1.0q,0.1.0,0.1.0,0.1.0,0.1
2025.11.28 19:10,US100,PERIOD_M5,Bid,25382.35000000,25388.10000000,25372.73000000,25378.35000000,120.00,23.35500000,17.480717,0.00092027,-1,0,0,0,0.00000000,0.00000000,0.00000000,0.00000000,0.00000000,0.00000000,0.00000000,0.00000000,0.00000000,0.00000000,0.00000000,0.00000000,0.00000000,0.00000000,0.00000000,0.00000000,0.00000000,0.00000000,0.00000000,0.00000000,0.00000000,0.00000000,0.000000,0.000000,1.000000,PASS,1.500000,2.000000,24.000000,1.500000,2.000000,24.000000,PASS,0,0.000000,0.000000,0.000000,0.000000,24,0,,0.000000,0,0.000000,0.76843120,0.00000000,adaptive_quantile,0,0,0.1.3,1.0,0.1.2,0.1.0q,0.1.0,0.1.0,0.1.0,0.1
2025.11.28 19:15,US100,PERIOD_M5,Bid,25378.98000000,25381.48000000,25365.35000000,25365.73000000,120.00,22.81928571,15.159188,0.00089961,-1,0,0,0,0.00000000,0.00000000,0.00000000,0.00000000,0.00000000,0.00000000,0.00000000,0.00000000,0.00000000,0.00000000,0.00000000,0.00000000,0.00000000,0.00000000,0.00000000,0.00000000,0.00000000,0.00000000,0.00000000,0.00000000,0.00000000,0.00000000,0.000000,0.000000,1.000000,PASS,1.500000,2.000000,24.000000,1.500000,2.000000,24.000000,PASS,0,0.000000,0.000000,0.000000,0.000000,24,0,,0.000000,0,0.000000,0.21119876,0.00000000,adaptive_quantile,0,0,0.1.3,1.0,0.1.2,0.1.0q,0.1.0,0.1.0,0.1.0,0.1
2025.11.28 19:20,US100,PERIOD_M5,Bid,25365.23000000,25377.73000000,25361.60000000,25368.35000000,120.00,22.98928571,14.329962,0.00090622,-1,0,0,0,0.00000000,0.00000000,0.00000000,0.00000000,0.00000000,0.00000000,0.00000000,0.00000000,0.00000000,0.00000000,0.00000000,0.00000000,0.00000000,0.00000000,0.00000000,0.00000000,0.00000000,0.00000000,0.00000000,0.00000000,0.00000000,0.00000000,0.000000,0.000000,1.000000,PASS,1.500000,2.000000,24.000000,1.500000,2.000000,24.000000,PASS,0,0.000000,0.000000,0.000000,0.000000,24,0,,0.000000,0,0.000000,0.29278379,0.00000000,adaptive_quantile,0,0,0.1.3,1.0,0.1.2,0.1.0q,0.1.0,0.1.0,0.1.0,0.1
2025.11.28 19:25,US100,PERIOD_M5,Bid,25368.35000000,25383.23000000,25367.85000000,25368.73000000,120.00,23.25785714,13.228510,0.00091679,-1,0,0,0,0.00000000,0.00000000,0.00000000,0.00000000,0.00000000,0.00000000,0.00000000,0.00000000,0.00000000,0.00000000,0.00000000,0.00000000,0.00000000,0.00000000,0.00000000,0.00000000,0.00000000,0.00000000,0.00000000,0.00000000,0.00000000,0.00000000,0.000000,0.000000,1.000000,PASS,1.500000,2.000000,24.000000,1.500000,2.000000,24.000000,PASS,0,0.000000,0.000000,0.000000,0.000000,24,0,,0.000000,0,0.000000,0.27662318,0.00000000,adaptive_quantile,0,0,0.1.3,1.0,0.1.2,0.1.0q,0.1.0,0.1.0,0.1.0,0.1
2025.11.28 19:30,US100,PERIOD_M5,Bid,25368.48000000,25368.60000000,25356.60000000,25363.98000000,120.00,21.81214286,14.784111,0.00085997,-1,0,0,0,0.00000000,0.00000000,0.00000000,0.00000000,0.00000000,0.00000000,0.00000000,0.00000000,0.00000000,0.00000000,0.00000000,0.00000000,0.00000000,0.00000000,0.00000000,0.00000000,0.00000000,0.00000000,0.00000000,0.00000000,0.00000000,0.00000000,0.000000,0.000000,1.000000,PASS,1.500000,2.000000,24.000000,1.500000,2.000000,24.000000,PASS,0,0.000000,0.000000,0.000000,0.000000,24,0,,0.000000,0,0.000000,0.06983787,0.00000000,adaptive_quantile,0,0,0.1.3,1.0,0.1.2,0.1.0q,0.1.0,0.1.0,0.1.0,0.1
2025.11.28 19:35,US100,PERIOD_M5,Bid,25364.10000000,25373.35000000,25349.60000000,25349.98000000,120.00,20.74071429,17.100591,0.00081817,-1,0,0,0,0.00000000,0.00000000,0.00000000,0.00000000,0.00000000,0.00000000,0.00000000,0.00000000,0.00000000,0.00000000,0.00000000,0.00000000,0.00000000,0.00000000,0.00000000,0.00000000,0.00000000,0.00000000,0.00000000,0.00000000,0.00000000,0.00000000,0.000000,0.000000,1.000000,PASS,1.500000,2.000000,24.000000,1.500000,2.000000,24.000000,PASS,0,0.000000,0.000000,0.000000,0.000000,24,0,,0.000000,0,0.000000,0.54426431,0.00000000,adaptive_quantile,0,0,0.1.3,1.0,0.1.2,0.1.0q,0.1.0,0.1.0,0.1.0,0.1
2025.11.28 19:40,US100,PERIOD_M5,Bid,25349.73000000,25362.73000000,25343.60000000,25344.35000000,120.00,19.75928571,20.068197,0.00077963,-1,0,0,0,0.00000000,0.00000000,0.00000000,0.00000000,0.00000000,0.00000000,0.00000000,0.00000000,0.00000000,0.00000000,0.00000000,0.00000000,0.00000000,0.00000000,0.00000000,0.00000000,0.00000000,0.00000000,0.00000000,0.00000000,0.00000000,0.00000000,0.000000,0.000000,1.000000,PASS,1.500000,2.000000,24.000000,1.500000,2.000000,24.000000,PASS,0,0.000000,0.000000,0.000000,0.000000,24,0,,0.000000,0,0.000000,0.77468141,0.00000000,adaptive_quantile,0,0,0.1.3,1.0,0.1.2,0.1.0q,0.1.0,0.1.0,0.1.0,0.1
2025.11.28 19:45,US100,PERIOD_M5,Bid,25344.35000000,25357.60000000,25342.85000000,25353.85000000,120.00,19.23285714,22.797515,0.00075858,-1,0,0,0,0.00000000,0.00000000,0.00000000,0.00000000,0.00000000,0.00000000,0.00000000,0.00000000,0.00000000,0.00000000,0.00000000,0.00000000,0.00000000,0.00000000,0.00000000,0.00000000,0.00000000,0.00000000,0.00000000,0.00000000,0.00000000,0.00000000,0.000000,0.000000,1.000000,PASS,1.500000,2.000000,24.000000,1.500000,2.000000,24.000000,PASS,0,0.000000,0.000000,0.000000,0.000000,24,0,,0.000000,0,0.000000,0.27318299,0.00000000,adaptive_quantile,0,0,0.1.3,1.0,0.1.2,0.1.0q,0.1.0,0.1.0,0.1.0,0.1
2025.11.28 19:50,US100,PERIOD_M5,Bid,25353.85000000,25387.10000000,25353.85000000,25382.35000000,120.00,19.17071429,19.886941,0.00075528,-1,0,0,0,0.00000000,0.00000000,0.00000000,0.00000000,0.00000000,0.00000000,0.00000000,0.00000000,0.00000000,0.00000000,0.00000000,0.00000000,0.00000000,0.00000000,0.00000000,0.00000000,0.00000000,0.00000000,0.00000000,0.00000000,0.00000000,0.00000000,0.000000,0.000000,1.000000,PASS,1.500000,2.000000,24.000000,1.500000,2.000000,24.000000,PASS,0,0.000000,0.000000,0.000000,0.000000,24,0,,0.000000,0,0.000000,1.09709081,0.00000000,adaptive_quantile,0,0,0.1.3,1.0,0.1.2,0.1.0q,0.1.0,0.1.0,0.1.0,0.1
2025.11.28 19:55,US100,PERIOD_M5,Bid,25382.35000000,25437.60000000,25382.35000000,25434.23000000,120.00,21.76000000,20.482150,0.00085554,-1,0,0,0,0.00000000,0.00000000,0.00000000,0.00000000,0.00000000,0.00000000,0.00000000,0.00000000,0.00000000,0.00000000,0.00000000,0.00000000,0.00000000,0.00000000,0.00000000,0.00000000,0.00000000,0.00000000,0.00000000,0.00000000,0.00000000,0.00000000,0.000000,0.000000,1.000000,PASS,1.500000,2.000000,24.000000,1.500000,2.000000,24.000000,PASS,0,0.000000,0.000000,0.000000,0.000000,24,0,,0.000000,0,0.000000,3.03161825,0.00000000,adaptive_quantile,0,0,0.1.3,1.0,0.1.2,0.1.0q,0.1.0,0.1.0,0.1.0,0.1
2025.11.28 20:00,US100,PERIOD_M5,Bid,25434.73000000,25448.23000000,25418.10000000,25428.73000000,120.00,21.94785714,22.011325,0.00086311,-1,0,0,0,0.00000000,0.00000000,0.00000000,0.00000000,0.00000000,0.00000000,0.00000000,0.00000000,0.00000000,0.00000000,0.00000000,0.00000000,0.00000000,0.00000000,0.00000000,0.00000000,0.00000000,0.00000000,0.00000000,0.00000000,0.00000000,0.00000000,0.000000,0.000000,1.000000,PASS,1.500000,2.000000,24.000000,1.500000,2.000000,24.000000,PASS,0,0.000000,0.000000,0.000000,0.000000,24,0,,0.000000,0,0.000000,2.49268775,0.00000000,adaptive_quantile,0,0,0.1.3,1.0,0.1.2,0.1.0q,0.1.0,0.1.0,0.1.0,0.1
2025.11.28 20:05,US100,PERIOD_M5,Bid,25428.98000000,25440.35000000,25420.60000000,25424.85000000,120.00,22.19785714,23.336609,0.00087308,-1,0,0,0,0.00000000,0.00000000,0.00000000,0.00000000,0.00000000,0.00000000,0.00000000,0.00000000,0.00000000,0.00000000,0.00000000,0.00000000,0.00000000,0.00000000,0.00000000,0.00000000,0.00000000,0.00000000,0.00000000,0.00000000,0.00000000,0.00000000,0.000000,0.000000,1.000000,PASS,1.500000,2.000000,24.000000,1.500000,2.000000,24.000000,PASS,0,0.000000,0.000000,0.000000,0.000000,24,0,,0.000000,0,0.000000,2.07174424,0.00000000,adaptive_quantile,0,0,0.1.3,1.0,0.1.2,0.1.0q,0.1.0,0.1.0,0.1.0,0.1
2025.11.28 20:10,US100,PERIOD_M5,Bid,25424.98000000,25432.98000000,25417.48000000,25432.98000000,120.00,21.74285714,23.237790,0.00085491,-1,0,0,0,0.00000000,0.00000000,0.00000000,0.00000000,0.00000000,0.00000000,0.00000000,0.00000000,0.00000000,0.00000000,0.00000000,0.00000000,0.00000000,0.00000000,0.00000000,0.00000000,0.00000000,0.00000000,0.00000000,0.00000000,0.00000000,0.00000000,0.000000,0.000000,1.000000,PASS,1.500000,2.000000,24.000000,1.500000,2.000000,24.000000,PASS,0,0.000000,0.000000,0.000000,0.000000,24,0,,0.000000,0,0.000000,2.25196534,0.00000000,adaptive_quantile,0,0,0.1.3,1.0,0.1.2,0.1.0q,0.1.0,0.1.0,0.1.0,0.1
2025.11.28 20:15,US100,PERIOD_M5,Bid,25432.85000000,25433.10000000,25430.60000000,25430.60000000,140.00,20.65357143,23.349633,0.00081215,-1,0,0,0,0.00000000,0.00000000,0.00000000,0.00000000,0.00000000,0.00000000,0.00000000,0.00000000,0.00000000,0.00000000,0.00000000,0.00000000,0.00000000,0.00000000,0.00000000,0.00000000,0.00000000,0.00000000,0.00000000,0.00000000,0.00000000,0.00000000,0.000000,0.000000,1.000000,PASS,1.500000,2.000000,24.000000,1.500000,2.000000,24.000000,PASS,0,0.000000,0.000000,0.000000,0.000000,24,0,,0.000000,0,0.000000,2.04069180,0.00000000,adaptive_quantile,0,0,0.1.3,1.0,0.1.2,0.1.0q,0.1.0,0.1.0,0.1.0,0.1
