trade_id,timestamp,symbol,event_type,direction,lot,entry_price,exit_price,sl_price,tp_price,pnl,k_sl_req,k_tp_req,k_sl_eff,k_tp_eff,hold_bars,bars_held,exit_reason,regime_id_at_entry,spread_atr_at_entry,flip_used,model_pack_version,clf_version,prm_version,cost_model_version,event_detail,deal_ticket,position_id,modify_reason,modify_count,tx_authority,pack_dir_at_entry,active_model_pack_dir,runtime_reload_status,ea_version,log_schema_version
TS_00001,2026.01.05 06:40:00,US100,ENTRY,LONG,0.1300,25311.75000000,,25268.36000000,25398.54000000,,6.000000,12.000000,6.000000,12.000000,72,0,,2,0.082963,0,0.1.0,0.1.0,0.1.0,0.1,,2,2,,0,TX_DEAL,triple_sigma_pack_long_step16,triple_sigma_pack_long_step16,ROLLED_BACK,0.2.0,2.0
TS_00001,2026.01.05 12:40:00,US100,EXIT,LONG,0.1300,25311.75000000,25373.15000000,25268.36000000,25398.54000000,7.98,6.000000,12.000000,6.000000,12.000000,72,72,FORCE_EXIT,2,0.082963,0,0.1.0,0.1.0,0.1.0,0.1,,3,2,,0,TX_DEAL,triple_sigma_pack_long_step16,triple_sigma_pack_long_step16,ROLLED_BACK,0.2.0,2.0
TS_00002,2026.01.05 12:45:00,US100,ENTRY,LONG,0.0800,25376.50000000,,25306.00000000,25517.50000000,,6.000000,12.000000,6.000000,12.000000,72,0,,2,0.051064,0,0.1.0,0.1.0,0.1.0,0.1,,4,4,,0,TX_DEAL,triple_sigma_pack_long_step16,triple_sigma_pack_long_step16,ROLLED_BACK,0.2.0,2.0
TS_00002,2026.01.05 17:32:10,US100,EXIT,LONG,0.0800,25376.50000000,25517.90000000,25306.00000000,25517.50000000,11.31,6.000000,12.000000,6.000000,12.000000,72,57,TP,2,0.051064,0,0.1.0,0.1.0,0.1.0,0.1,,5,4,,0,TX_DEAL,triple_sigma_pack_long_step16,triple_sigma_pack_long_step16,ROLLED_BACK,0.2.0,2.0
TS_00003,2026.01.05 17:40:00,US100,ENTRY,LONG,0.0100,25489.50000000,,25192.01000000,26084.49000000,,6.000000,12.000000,6.000000,12.000000,72,0,,5,0.012101,0,0.1.0,0.1.0,0.1.0,0.1,,6,6,,0,TX_DEAL,triple_sigma_pack_long_step16,triple_sigma_pack_long_step16,ROLLED_BACK,0.2.0,2.0
TS_00003,2026.01.05 23:40:00,US100,EXIT,LONG,0.0100,25489.50000000,25422.40000000,25192.01000000,26084.49000000,-0.67,6.000000,12.000000,6.000000,12.000000,72,72,FORCE_EXIT,5,0.012101,0,0.1.0,0.1.0,0.1.0,0.1,,7,6,,0,TX_DEAL,triple_sigma_pack_long_step16,triple_sigma_pack_long_step16,ROLLED_BACK,0.2.0,2.0
TS_00004,2026.01.06 06:35:00,US100,ENTRY,LONG,0.1500,25478.20000000,,25441.45000000,25551.70000000,,6.000000,12.000000,6.000000,12.000000,72,0,,4,0.097959,0,0.1.0,0.1.0,0.1.0,0.1,,8,8,,0,TX_DEAL,triple_sigma_pack_long_step16,triple_sigma_pack_long_step16,ROLLED_BACK,0.2.0,2.0
TS_00004,2026.01.06 10:13:35,US100,EXIT,LONG,0.1500,25478.20000000,25441.35000000,25441.45000000,25551.70000000,-5.53,6.000000,12.000000,6.000000,12.000000,72,43,SL,4,0.097959,0,0.1.0,0.1.0,0.1.0,0.1,,9,8,,0,TX_DEAL,triple_sigma_pack_long_step16,triple_sigma_pack_long_step16,ROLLED_BACK,0.2.0,2.0
TS_00005,2026.01.06 10:45:00,US100,ENTRY,LONG,0.0500,25400.95000000,,25295.31000000,25612.24000000,,6.000000,12.000000,6.000000,12.000000,72,0,,5,0.034077,1,0.1.0,0.1.0,0.1.0,0.1,,10,10,,0,TX_DEAL,triple_sigma_pack_long_step16,triple_sigma_pack_long_step16,ROLLED_BACK,0.2.0,2.0
TS_00005,2026.01.06 16:45:00,US100,EXIT,LONG,0.0500,25400.95000000,25505.10000000,25295.31000000,25612.24000000,5.21,6.000000,12.000000,6.000000,12.000000,72,72,FORCE_EXIT,5,0.034077,1,0.1.0,0.1.0,0.1.0,0.1,,11,10,,0,TX_DEAL,triple_sigma_pack_long_step16,triple_sigma_pack_long_step16,ROLLED_BACK,0.2.0,2.0
TS_00006,2026.01.06 17:40:00,US100,ENTRY,LONG,0.0200,25579.45000000,,25359.14000000,26020.06000000,,6.000000,12.000000,6.000000,12.000000,72,0,,5,0.016341,0,0.1.0,0.1.0,0.1.0,0.1,,12,12,,0,TX_DEAL,triple_sigma_pack_long_step16,triple_sigma_pack_long_step16,ROLLED_BACK,0.2.0,2.0
TS_00006,2026.01.06 23:40:00,US100,EXIT,LONG,0.0200,25579.45000000,25657.55000000,25359.14000000,26020.06000000,1.56,6.000000,12.000000,6.000000,12.000000,72,72,FORCE_EXIT,5,0.016341,0,0.1.0,0.1.0,0.1.0,0.1,,13,12,,0,TX_DEAL,triple_sigma_pack_long_step16,triple_sigma_pack_long_step16,ROLLED_BACK,0.2.0,2.0
TS_00007,2026.01.06 23:45:00,US100,ENTRY,LONG,0.1000,25661.15000000,,25605.11000000,25773.22000000,,6.000000,12.000000,6.000000,12.000000,72,0,,2,0.064245,0,0.1.0,0.1.0,0.1.0,0.1,,14,14,,0,TX_DEAL,triple_sigma_pack_long_step16,triple_sigma_pack_long_step16,ROLLED_BACK,0.2.0,2.0
TS_00007,2026.01.07 06:45:00,US100,EXIT,LONG,0.1000,25661.15000000,25629.70000000,25605.11000000,25773.22000000,-3.54,6.000000,12.000000,6.000000,12.000000,72,72,FORCE_EXIT,2,0.064245,0,0.1.0,0.1.0,0.1.0,0.1,,15,14,,0,TX_DEAL,triple_sigma_pack_long_step16,triple_sigma_pack_long_step16,ROLLED_BACK,0.2.0,2.0
TS_00008,2026.01.07 06:50:00,US100,ENTRY,LONG,0.1300,25632.05000000,,25588.85000000,25718.45000000,,6.000000,12.000000,6.000000,12.000000,72,0,,4,0.083333,1,0.1.0,0.1.0,0.1.0,0.1,,16,16,,0,TX_DEAL,triple_sigma_pack_long_step16,triple_sigma_pack_long_step16,ROLLED_BACK,0.2.0,2.0
TS_00008,2026.01.07 11:02:45,US100,EXIT,LONG,0.1300,25632.05000000,25588.45000000,25588.85000000,25718.45000000,-5.67,6.000000,12.000000,6.000000,12.000000,72,50,SL,4,0.083333,1,0.1.0,0.1.0,0.1.0,0.1,,17,16,,0,TX_DEAL,triple_sigma_pack_long_step16,triple_sigma_pack_long_step16,ROLLED_BACK,0.2.0,2.0
TS_00009,2026.01.07 11:30:00,US100,ENTRY,LONG,0.0800,25586.55000000,,25517.87000000,25723.91000000,,6.000000,12.000000,6.000000,12.000000,72,0,,4,0.052418,1,0.1.0,0.1.0,0.1.0,0.1,,18,18,,0,TX_DEAL,triple_sigma_pack_long_step16,triple_sigma_pack_long_step16,ROLLED_BACK,0.2.0,2.0
TS_00009,2026.01.07 17:30:00,US100,EXIT,LONG,0.0800,25586.55000000,25705.70000000,25517.87000000,25723.91000000,9.53,6.000000,12.000000,6.000000,12.000000,72,72,FORCE_EXIT,4,0.052418,1,0.1.0,0.1.0,0.1.0,0.1,,19,18,,0,TX_DEAL,triple_sigma_pack_long_step16,triple_sigma_pack_long_step16,ROLLED_BACK,0.2.0,2.0
TS_00010,2026.01.07 17:35:00,US100,ENTRY,LONG,0.0200,25722.55000000,,25522.51000000,26122.62000000,,6.000000,12.000000,6.000000,12.000000,72,0,,3,0.017997,0,0.1.0,0.1.0,0.1.0,0.1,,20,20,,0,TX_DEAL,triple_sigma_pack_long_step16,triple_sigma_pack_long_step16,ROLLED_BACK,0.2.0,2.0
TS_00010,2026.01.07 23:35:00,US100,EXIT,LONG,0.0200,25722.55000000,25669.70000000,25522.51000000,26122.62000000,-1.06,6.000000,12.000000,6.000000,12.000000,72,72,FORCE_EXIT,3,0.017997,0,0.1.0,0.1.0,0.1.0,0.1,,21,20,,0,TX_DEAL,triple_sigma_pack_long_step16,triple_sigma_pack_long_step16,ROLLED_BACK,0.2.0,2.0
TS_00011,2026.01.07 23:40:01,US100,ENTRY,LONG,0.0700,25671.30000000,,25596.84000000,25820.23000000,,6.000000,12.000000,6.000000,12.000000,72,0,,4,0.048345,1,0.1.0,0.1.0,0.1.0,0.1,,22,22,,0,TX_DEAL,triple_sigma_pack_long_step16,triple_sigma_pack_long_step16,ROLLED_BACK,0.2.0,2.0
TS_00011,2026.01.08 06:40:00,US100,EXIT,LONG,0.0700,25671.30000000,25624.05000000,25596.84000000,25820.23000000,-3.59,6.000000,12.000000,6.000000,12.000000,72,72,FORCE_EXIT,4,0.048345,1,0.1.0,0.1.0,0.1.0,0.1,,23,22,,0,TX_DEAL,triple_sigma_pack_long_step16,triple_sigma_pack_long_step16,ROLLED_BACK,0.2.0,2.0
TS_00012,2026.01.08 06:45:00,US100,ENTRY,LONG,0.1200,25620.40000000,,25573.04000000,25715.11000000,,6.000000,12.000000,6.000000,12.000000,72,0,,2,0.076018,1,0.1.0,0.1.0,0.1.0,0.1,,24,24,,0,TX_DEAL,triple_sigma_pack_long_step16,triple_sigma_pack_long_step16,ROLLED_BACK,0.2.0,2.0
TS_00012,2026.01.08 08:01:22,US100,EXIT,LONG,0.1200,25620.40000000,25568.05000000,25573.04000000,25715.11000000,-6.28,6.000000,12.000000,6.000000,12.000000,72,15,SL,2,0.076018,1,0.1.0,0.1.0,0.1.0,0.1,,25,24,,0,TX_DEAL,triple_sigma_pack_long_step16,triple_sigma_pack_long_step16,ROLLED_BACK,0.2.0,2.0
TS_00013,2026.01.08 08:40:00,US100,ENTRY,LONG,0.0600,25535.65000000,,25441.58000000,25723.79000000,,6.000000,12.000000,6.000000,12.000000,72,0,,5,0.038269,1,0.1.0,0.1.0,0.1.0,0.1,,26,26,,0,TX_DEAL,triple_sigma_pack_long_step16,triple_sigma_pack_long_step16,ROLLED_BACK,0.2.0,2.0
TS_00013,2026.01.08 14:40:00,US100,EXIT,LONG,0.0600,25535.65000000,25602.05000000,25441.58000000,25723.79000000,3.98,6.000000,12.000000,6.000000,12.000000,72,72,FORCE_EXIT,5,0.038269,1,0.1.0,0.1.0,0.1.0,0.1,,27,26,,0,TX_DEAL,triple_sigma_pack_long_step16,triple_sigma_pack_long_step16,ROLLED_BACK,0.2.0,2.0
TS_00014,2026.01.08 15:35:00,US100,ENTRY,LONG,0.0600,25635.90000000,,25548.69000000,25810.33000000,,6.000000,12.000000,6.000000,12.000000,72,0,,3,0.041278,0,0.1.0,0.1.0,0.1.0,0.1,,28,28,,0,TX_DEAL,triple_sigma_pack_long_step16,triple_sigma_pack_long_step16,ROLLED_BACK,0.2.0,2.0
TS_00014,2026.01.08 16:34:20,US100,EXIT,LONG,0.0600,25635.90000000,25547.55000000,25548.69000000,25810.33000000,-5.30,6.000000,12.000000,6.000000,12.000000,72,11,SL,3,0.041278,0,0.1.0,0.1.0,0.1.0,0.1,,29,28,,0,TX_DEAL,triple_sigma_pack_long_step16,triple_sigma_pack_long_step16,ROLLED_BACK,0.2.0,2.0
TS_00015,2026.01.08 17:10:00,US100,ENTRY,LONG,0.0200,25520.65000000,,25241.37000000,26079.21000000,,6.000000,12.000000,6.000000,12.000000,72,0,,5,0.012890,1,0.1.0,0.1.0,0.1.0,0.1,,30,30,,0,TX_DEAL,triple_sigma_pack_long_step16,triple_sigma_pack_long_step16,ROLLED_BACK,0.2.0,2.0
TS_00015,2026.01.08 23:10:00,US100,EXIT,LONG,0.0200,25520.65000000,25536.55000000,25241.37000000,26079.21000000,0.32,6.000000,12.000000,6.000000,12.000000,72,72,FORCE_EXIT,5,0.012890,1,0.1.0,0.1.0,0.1.0,0.1,,31,30,,0,TX_DEAL,triple_sigma_pack_long_step16,triple_sigma_pack_long_step16,ROLLED_BACK,0.2.0,2.0
TS_00016,2026.01.08 23:20:00,US100,ENTRY,LONG,0.0500,25532.65000000,,25427.44000000,25743.08000000,,6.000000,12.000000,6.000000,12.000000,72,0,,5,0.034216,0,0.1.0,0.1.0,0.1.0,0.1,,32,32,,0,TX_DEAL,triple_sigma_pack_long_step16,triple_sigma_pack_long_step16,ROLLED_BACK,0.2.0,2.0
TS_00016,2026.01.09 06:20:00,US100,EXIT,LONG,0.0500,25532.65000000,25511.05000000,25427.44000000,25743.08000000,-1.28,6.000000,12.000000,6.000000,12.000000,72,72,FORCE_EXIT,5,0.034216,0,0.1.0,0.1.0,0.1.0,0.1,,33,32,,0,TX_DEAL,triple_sigma_pack_long_step16,triple_sigma_pack_long_step16,ROLLED_BACK,0.2.0,2.0
TS_00017,2026.01.09 06:25:00,US100,ENTRY,LONG,0.1000,25509.40000000,,25456.04000000,25616.11000000,,6.000000,12.000000,6.000000,12.000000,72,0,,2,0.067470,1,0.1.0,0.1.0,0.1.0,0.1,,34,34,,0,TX_DEAL,triple_sigma_pack_long_step16,triple_sigma_pack_long_step16,ROLLED_BACK,0.2.0,2.0
TS_00017,2026.01.09 12:25:00,US100,EXIT,LONG,0.1000,25509.40000000,25582.80000000,25456.04000000,25616.11000000,7.34,6.000000,12.000000,6.000000,12.000000,72,72,FORCE_EXIT,2,0.067470,1,0.1.0,0.1.0,0.1.0,0.1,,35,34,,0,TX_DEAL,triple_sigma_pack_long_step16,triple_sigma_pack_long_step16,ROLLED_BACK,0.2.0,2.0
TS_00018,2026.01.09 12:40:00,US100,ENTRY,LONG,0.0800,25577.65000000,,25512.31000000,25708.32000000,,6.000000,12.000000,6.000000,12.000000,72,0,,4,0.055100,0,0.1.0,0.1.0,0.1.0,0.1,,36,36,,0,TX_DEAL,triple_sigma_pack_long_step16,triple_sigma_pack_long_step16,ROLLED_BACK,0.2.0,2.0
TS_00018,2026.01.09 16:30:43,US100,EXIT,LONG,0.0800,25577.65000000,25512.05000000,25512.31000000,25708.32000000,-5.25,6.000000,12.000000,6.000000,12.000000,72,46,SL,4,0.055100,0,0.1.0,0.1.0,0.1.0,0.1,,37,36,,0,TX_DEAL,triple_sigma_pack_long_step16,triple_sigma_pack_long_step16,ROLLED_BACK,0.2.0,2.0
TS_00019,2026.01.09 17:10:00,US100,ENTRY,LONG,0.0100,25488.40000000,,25146.34000000,26172.53000000,,6.000000,12.000000,6.000000,12.000000,72,0,,5,0.010524,1,0.1.0,0.1.0,0.1.0,0.1,,38,38,,0,TX_DEAL,triple_sigma_pack_long_step16,triple_sigma_pack_long_step16,ROLLED_BACK,0.2.0,2.0
TS_00019,2026.01.09 23:10:00,US100,EXIT,LONG,0.0100,25488.40000000,25782.55000000,25146.34000000,26172.53000000,2.94,6.000000,12.000000,6.000000,12.000000,72,72,FORCE_EXIT,5,0.010524,1,0.1.0,0.1.0,0.1.0,0.1,,39,38,,0,TX_DEAL,triple_sigma_pack_long_step16,triple_sigma_pack_long_step16,ROLLED_BACK,0.2.0,2.0
TS_00020,2026.01.12 06:20:00,US100,ENTRY,LONG,0.0800,25583.10000000,,25512.92000000,25723.46000000,,6.000000,12.000000,6.000000,12.000000,72,0,,2,0.051298,1,0.1.0,0.1.0,0.1.0,0.1,,40,40,,0,TX_DEAL,triple_sigma_pack_long_step16,triple_sigma_pack_long_step16,ROLLED_BACK,0.2.0,2.0
TS_00020,2026.01.12 10:30:42,US100,EXIT,LONG,0.0800,25583.10000000,25511.75000000,25512.92000000,25723.46000000,-5.71,6.000000,12.000000,6.000000,12.000000,72,50,SL,2,0.051298,1,0.1.0,0.1.0,0.1.0,0.1,,41,40,,0,TX_DEAL,triple_sigma_pack_long_step16,triple_sigma_pack_long_step16,ROLLED_BACK,0.2.0,2.0
TS_00021,2026.01.12 10:55:00,US100,ENTRY,LONG,0.0400,25522.60000000,,25393.06000000,25781.67000000,,6.000000,12.000000,6.000000,12.000000,72,0,,5,0.027792,1,0.1.0,0.1.0,0.1.0,0.1,,42,42,,0,TX_DEAL,triple_sigma_pack_long_step16,triple_sigma_pack_long_step16,ROLLED_BACK,0.2.0,2.0
TS_00021,2026.01.12 16:55:00,US100,EXIT,LONG,0.0400,25522.60000000,25750.50000000,25393.06000000,25781.67000000,9.12,6.000000,12.000000,6.000000,12.000000,72,72,FORCE_EXIT,5,0.027792,1,0.1.0,0.1.0,0.1.0,0.1,,43,42,,0,TX_DEAL,triple_sigma_pack_long_step16,triple_sigma_pack_long_step16,ROLLED_BACK,0.2.0,2.0
TS_00022,2026.01.12 17:35:00,US100,ENTRY,LONG,0.0200,25749.35000000,,25507.64000000,26232.78000000,,6.000000,12.000000,6.000000,12.000000,72,0,,3,0.014894,0,0.1.0,0.1.0,0.1.0,0.1,,44,44,,0,TX_DEAL,triple_sigma_pack_long_step16,triple_sigma_pack_long_step16,ROLLED_BACK,0.2.0,2.0
TS_00022,2026.01.12 23:35:00,US100,EXIT,LONG,0.0200,25749.35000000,25824.00000000,25507.64000000,26232.78000000,1.49,6.000000,12.000000,6.000000,12.000000,72,72,FORCE_EXIT,3,0.014894,0,0.1.0,0.1.0,0.1.0,0.1,,45,44,,0,TX_DEAL,triple_sigma_pack_long_step16,triple_sigma_pack_long_step16,ROLLED_BACK,0.2.0,2.0
TS_00023,2026.01.13 06:45:00,US100,ENTRY,LONG,0.1100,25731.25000000,,25680.04000000,25833.68000000,,6.000000,12.000000,6.000000,12.000000,72,0,,2,0.070293,1,0.1.0,0.1.0,0.1.0,0.1,,46,46,,0,TX_DEAL,triple_sigma_pack_long_step16,triple_sigma_pack_long_step16,ROLLED_BACK,0.2.0,2.0
TS_00023,2026.01.13 12:45:00,US100,EXIT,LONG,0.1100,25731.25000000,25742.90000000,25680.04000000,25833.68000000,1.28,6.000000,12.000000,6.000000,12.000000,72,72,FORCE_EXIT,2,0.070293,1,0.1.0,0.1.0,0.1.0,0.1,,47,46,,0,TX_DEAL,triple_sigma_pack_long_step16,triple_sigma_pack_long_step16,ROLLED_BACK,0.2.0,2.0
TS_00024,2026.01.13 12:50:00,US100,ENTRY,LONG,0.0700,25741.50000000,,25666.61000000,25891.29000000,,6.000000,12.000000,6.000000,12.000000,72,0,,2,0.048069,1,0.1.0,0.1.0,0.1.0,0.1,,48,48,,0,TX_DEAL,triple_sigma_pack_long_step16,triple_sigma_pack_long_step16,ROLLED_BACK,0.2.0,2.0
TS_00024,2026.01.13 15:31:58,US100,EXIT,LONG,0.0700,25741.50000000,25892.65000000,25666.61000000,25891.29000000,10.58,6.000000,12.000000,6.000000,12.000000,72,32,TP,2,0.048069,1,0.1.0,0.1.0,0.1.0,0.1,,49,48,,0,TX_DEAL,triple_sigma_pack_long_step16,triple_sigma_pack_long_step16,ROLLED_BACK,0.2.0,2.0
TS_00025,2026.01.13 16:00:00,US100,ENTRY,LONG,0.0300,25827.75000000,,25646.29000000,26190.66000000,,6.000000,12.000000,6.000000,12.000000,72,0,,3,0.019839,0,0.1.0,0.1.0,0.1.0,0.1,,50,50,,0,TX_DEAL,triple_sigma_pack_long_step16,triple_sigma_pack_long_step16,ROLLED_BACK,0.2.0,2.0
TS_00025,2026.01.13 22:00:00,US100,EXIT,LONG,0.0300,25827.75000000,25720.55000000,25646.29000000,26190.66000000,-3.22,6.000000,12.000000,6.000000,12.000000,72,72,FORCE_EXIT,3,0.019839,0,0.1.0,0.1.0,0.1.0,0.1,,51,50,,0,TX_DEAL,triple_sigma_pack_long_step16,triple_sigma_pack_long_step16,ROLLED_BACK,0.2.0,2.0
TS_00026,2026.01.13 22:05:00,US100,ENTRY,LONG,0.0400,25707.65000000,,25572.76000000,25977.44000000,,6.000000,12.000000,6.000000,12.000000,72,0,,3,0.026688,1,0.1.0,0.1.0,0.1.0,0.1,,52,52,,0,TX_DEAL,triple_sigma_pack_long_step16,triple_sigma_pack_long_step16,ROLLED_BACK,0.2.0,2.0
TS_00026,2026.01.14 05:05:00,US100,EXIT,LONG,0.0400,25707.65000000,25754.65000000,25572.76000000,25977.44000000,1.72,6.000000,12.000000,6.000000,12.000000,72,72,FORCE_EXIT,3,0.026688,1,0.1.0,0.1.0,0.1.0,0.1,,53,52,,0,TX_DEAL,triple_sigma_pack_long_step16,triple_sigma_pack_long_step16,ROLLED_BACK,0.2.0,2.0
TS_00027,2026.01.14 07:40:00,US100,ENTRY,LONG,0.1100,25725.25000000,,25673.50000000,25828.75000000,,6.000000,12.000000,6.000000,12.000000,72,0,,4,0.069565,1,0.1.0,0.1.0,0.1.0,0.1,,54,54,,0,TX_DEAL,triple_sigma_pack_long_step16,triple_sigma_pack_long_step16,ROLLED_BACK,0.2.0,2.0
TS_00027,2026.01.14 12:19:53,US100,EXIT,LONG,0.1100,25725.25000000,25673.15000000,25673.50000000,25828.75000000,-5.73,6.000000,12.000000,6.000000,12.000000,72,55,SL,4,0.069565,1,0.1.0,0.1.0,0.1.0,0.1,,55,54,,0,TX_DEAL,triple_sigma_pack_long_step16,triple_sigma_pack_long_step16,ROLLED_BACK,0.2.0,2.0
TS_00028,2026.01.14 13:15:00,US100,ENTRY,LONG,0.0400,25598.05000000,,25453.64000000,25886.86000000,,6.000000,12.000000,6.000000,12.000000,72,0,,5,0.024930,1,0.1.0,0.1.0,0.1.0,0.1,,56,56,,0,TX_DEAL,triple_sigma_pack_long_step16,triple_sigma_pack_long_step16,ROLLED_BACK,0.2.0,2.0
TS_00028,2026.01.14 16:58:37,US100,EXIT,LONG,0.0400,25598.05000000,25453.45000000,25453.64000000,25886.86000000,-5.78,6.000000,12.000000,6.000000,12.000000,72,44,SL,5,0.024930,1,0.1.0,0.1.0,0.1.0,0.1,,57,56,,0,TX_DEAL,triple_sigma_pack_long_step16,triple_sigma_pack_long_step16,ROLLED_BACK,0.2.0,2.0
TS_00029,2026.01.14 17:10:00,US100,ENTRY,LONG,0.0100,25445.30000000,,25144.01000000,26047.87000000,,6.000000,12.000000,6.000000,12.000000,72,0,,5,0.011949,1,0.1.0,0.1.0,0.1.0,0.1,,58,58,,0,TX_DEAL,triple_sigma_pack_long_step16,triple_sigma_pack_long_step16,ROLLED_BACK,0.2.0,2.0
TS_00029,2026.01.14 23:10:00,US100,EXIT,LONG,0.0100,25445.30000000,25478.70000000,25144.01000000,26047.87000000,0.33,6.000000,12.000000,6.000000,12.000000,72,72,FORCE_EXIT,5,0.011949,1,0.1.0,0.1.0,0.1.0,0.1,,59,58,,0,TX_DEAL,triple_sigma_pack_long_step16,triple_sigma_pack_long_step16,ROLLED_BACK,0.2.0,2.0
TS_00030,2026.01.14 23:20:00,US100,ENTRY,LONG,0.0300,25479.55000000,,25291.41000000,25855.84000000,,6.000000,12.000000,6.000000,12.000000,72,0,,3,0.019134,0,0.1.0,0.1.0,0.1.0,0.1,,60,60,,0,TX_DEAL,triple_sigma_pack_long_step16,triple_sigma_pack_long_step16,ROLLED_BACK,0.2.0,2.0
TS_00030,2026.01.15 06:20:00,US100,EXIT,LONG,0.0300,25479.55000000,25444.90000000,25291.41000000,25855.84000000,-1.16,6.000000,12.000000,6.000000,12.000000,72,72,FORCE_EXIT,3,0.019134,0,0.1.0,0.1.0,0.1.0,0.1,,61,60,,0,TX_DEAL,triple_sigma_pack_long_step16,triple_sigma_pack_long_step16,ROLLED_BACK,0.2.0,2.0
TS_00031,2026.01.15 06:25:00,US100,ENTRY,LONG,0.0700,25457.00000000,,25377.93000000,25615.14000000,,6.000000,12.000000,6.000000,12.000000,72,0,,3,0.045528,1,0.1.0,0.1.0,0.1.0,0.1,,62,62,,0,TX_DEAL,triple_sigma_pack_long_step16,triple_sigma_pack_long_step16,ROLLED_BACK,0.2.0,2.0
TS_00031,2026.01.15 11:06:56,US100,EXIT,LONG,0.0700,25457.00000000,25615.65000000,25377.93000000,25615.14000000,11.11,6.000000,12.000000,6.000000,12.000000,72,56,TP,3,0.045528,1,0.1.0,0.1.0,0.1.0,0.1,,63,62,,0,TX_DEAL,triple_sigma_pack_long_step16,triple_sigma_pack_long_step16,ROLLED_BACK,0.2.0,2.0
TS_00032,2026.01.15 12:00:00,US100,ENTRY,LONG,0.0500,25668.75000000,,25569.00000000,25868.25000000,,6.000000,12.000000,6.000000,12.000000,72,0,,5,0.036090,0,0.1.0,0.1.0,0.1.0,0.1,,64,64,,0,TX_DEAL,triple_sigma_pack_long_step16,triple_sigma_pack_long_step16,ROLLED_BACK,0.2.0,2.0
TS_00032,2026.01.15 18:00:00,US100,EXIT,LONG,0.0500,25668.75000000,25738.85000000,25569.00000000,25868.25000000,3.51,6.000000,12.000000,6.000000,12.000000,72,72,FORCE_EXIT,5,0.036090,0,0.1.0,0.1.0,0.1.0,0.1,,65,64,,0,TX_DEAL,triple_sigma_pack_long_step16,triple_sigma_pack_long_step16,ROLLED_BACK,0.2.0,2.0
TS_00033,2026.01.15 19:10:00,US100,ENTRY,LONG,0.0300,25789.45000000,,25638.16000000,26092.02000000,,6.000000,12.000000,6.000000,12.000000,72,0,,3,0.023796,0,0.1.0,0.1.0,0.1.0,0.1,,66,66,,0,TX_DEAL,triple_sigma_pack_long_step16,triple_sigma_pack_long_step16,ROLLED_BACK,0.2.0,2.0
TS_00033,2026.01.15 21:30:12,US100,EXIT,LONG,0.0300,25789.45000000,25637.75000000,25638.16000000,26092.02000000,-4.55,6.000000,12.000000,6.000000,12.000000,72,28,SL,3,0.023796,0,0.1.0,0.1.0,0.1.0,0.1,,67,66,,0,TX_DEAL,triple_sigma_pack_long_step16,triple_sigma_pack_long_step16,ROLLED_BACK,0.2.0,2.0
TS_00034,2026.01.15 22:45:00,US100,ENTRY,LONG,0.0300,25569.45000000,,25399.74000000,25908.88000000,,6.000000,12.000000,6.000000,12.000000,72,0,,5,0.021212,1,0.1.0,0.1.0,0.1.0,0.1,,68,68,,0,TX_DEAL,triple_sigma_pack_long_step16,triple_sigma_pack_long_step16,ROLLED_BACK,0.2.0,2.0
TS_00034,2026.01.16 05:45:00,US100,EXIT,LONG,0.0300,25569.45000000,25652.40000000,25399.74000000,25908.88000000,2.37,6.000000,12.000000,6.000000,12.000000,72,72,FORCE_EXIT,5,0.021212,1,0.1.0,0.1.0,0.1.0,0.1,,69,68,,0,TX_DEAL,triple_sigma_pack_long_step16,triple_sigma_pack_long_step16,ROLLED_BACK,0.2.0,2.0
TS_00035,2026.01.16 06:30:00,US100,ENTRY,LONG,0.1400,25666.75000000,,25626.04000000,25748.18000000,,6.000000,12.000000,6.000000,12.000000,72,0,,2,0.088421,0,0.1.0,0.1.0,0.1.0,0.1,,70,70,,0,TX_DEAL,triple_sigma_pack_long_step16,triple_sigma_pack_long_step16,ROLLED_BACK,0.2.0,2.0
TS_00035,2026.01.16 12:30:00,US100,EXIT,LONG,0.1400,25666.75000000,25700.40000000,25626.04000000,25748.18000000,4.71,6.000000,12.000000,6.000000,12.000000,72,72,FORCE_EXIT,2,0.088421,0,0.1.0,0.1.0,0.1.0,0.1,,71,70,,0,TX_DEAL,triple_sigma_pack_long_step16,triple_sigma_pack_long_step16,ROLLED_BACK,0.2.0,2.0
TS_00036,2026.01.16 13:05:00,US100,ENTRY,LONG,0.0900,25711.25000000,,25646.11000000,25841.54000000,,6.000000,12.000000,6.000000,12.000000,72,0,,4,0.055263,0,0.1.0,0.1.0,0.1.0,0.1,,72,72,,0,TX_DEAL,triple_sigma_pack_long_step16,triple_sigma_pack_long_step16,ROLLED_BACK,0.2.0,2.0
TS_00036,2026.01.16 16:54:49,US100,EXIT,LONG,0.0900,25711.25000000,25645.90000000,25646.11000000,25841.54000000,-5.88,6.000000,12.000000,6.000000,12.000000,72,45,SL,4,0.055263,0,0.1.0,0.1.0,0.1.0,0.1,,73,72,,0,TX_DEAL,triple_sigma_pack_long_step16,triple_sigma_pack_long_step16,ROLLED_BACK,0.2.0,2.0
TS_00037,2026.01.16 17:10:00,US100,ENTRY,LONG,0.0200,25617.50000000,,25413.07000000,26026.36000000,,6.000000,12.000000,6.000000,12.000000,72,0,,5,0.017610,1,0.1.0,0.1.0,0.1.0,0.1,,74,74,,0,TX_DEAL,triple_sigma_pack_long_step16,triple_sigma_pack_long_step16,ROLLED_BACK,0.2.0,2.0
TS_00037,2026.01.16 23:10:00,US100,EXIT,LONG,0.0200,25617.50000000,25540.20000000,25413.07000000,26026.36000000,-1.55,6.000000,12.000000,6.000000,12.000000,72,72,FORCE_EXIT,5,0.017610,1,0.1.0,0.1.0,0.1.0,0.1,,75,74,,0,TX_DEAL,triple_sigma_pack_long_step16,triple_sigma_pack_long_step16,ROLLED_BACK,0.2.0,2.0
TS_00038,2026.01.16 23:20:00,US100,ENTRY,LONG,0.0500,25546.55000000,,25442.28000000,25755.09000000,,6.000000,12.000000,6.000000,12.000000,72,0,,3,0.034525,1,0.1.0,0.1.0,0.1.0,0.1,,76,76,,0,TX_DEAL,triple_sigma_pack_long_step16,triple_sigma_pack_long_step16,ROLLED_BACK,0.2.0,2.0
TS_00038,2026.01.19 01:01:00,US100,EXIT,LONG,0.0500,25546.55000000,25322.80000000,25442.28000000,25755.09000000,-11.78,6.000000,12.000000,6.000000,12.000000,72,7,SL,3,0.034525,1,0.1.0,0.1.0,0.1.0,0.1,,77,76,,0,TX_DEAL,triple_sigma_pack_long_step16,triple_sigma_pack_long_step16,ROLLED_BACK,0.2.0,2.0
TS_00039,2026.01.19 06:20:00,US100,ENTRY,LONG,0.0600,25247.90000000,,25160.69000000,25422.33000000,,6.000000,12.000000,6.000000,12.000000,72,0,,3,0.041278,1,0.1.0,0.1.0,0.1.0,0.1,,78,78,,0,TX_DEAL,triple_sigma_pack_long_step16,triple_sigma_pack_long_step16,ROLLED_BACK,0.2.0,2.0
TS_00039,2026.01.19 11:36:27,US100,EXIT,LONG,0.0600,25247.90000000,25159.05000000,25160.69000000,25422.33000000,-5.33,6.000000,12.000000,6.000000,12.000000,72,63,SL,3,0.041278,1,0.1.0,0.1.0,0.1.0,0.1,,79,78,,0,TX_DEAL,triple_sigma_pack_long_step16,triple_sigma_pack_long_step16,ROLLED_BACK,0.2.0,2.0
TS_00040,2026.01.19 11:50:00,US100,ENTRY,LONG,0.0300,25171.90000000,,25017.72000000,25480.26000000,,6.000000,12.000000,6.000000,12.000000,72,0,,5,0.023350,1,0.1.0,0.1.0,0.1.0,0.1,,80,80,,0,TX_DEAL,triple_sigma_pack_long_step16,triple_sigma_pack_long_step16,ROLLED_BACK,0.2.0,2.0
TS_00040,2026.01.19 17:50:00,US100,EXIT,LONG,0.0300,25171.90000000,25196.55000000,25017.72000000,25480.26000000,0.74,6.000000,12.000000,6.000000,12.000000,72,72,FORCE_EXIT,5,0.023350,1,0.1.0,0.1.0,0.1.0,0.1,,81,80,,0,TX_DEAL,triple_sigma_pack_long_step16,triple_sigma_pack_long_step16,ROLLED_BACK,0.2.0,2.0
TS_00041,2026.01.19 18:05:00,US100,ENTRY,LONG,0.0400,25218.15000000,,25080.90000000,25492.65000000,,6.000000,12.000000,6.000000,12.000000,72,0,,1,0.026230,1,0.1.0,0.1.0,0.1.0,0.1,,82,82,,0,TX_DEAL,triple_sigma_pack_long_step16,triple_sigma_pack_long_step16,ROLLED_BACK,0.2.0,2.0
TS_00041,2026.01.20 05:00:00,US100,EXIT,LONG,0.0400,25218.15000000,25298.05000000,25080.90000000,25492.65000000,3.04,6.000000,12.000000,6.000000,12.000000,72,72,FORCE_EXIT,1,0.026230,1,0.1.0,0.1.0,0.1.0,0.1,,83,82,,0,TX_DEAL,triple_sigma_pack_long_step16,triple_sigma_pack_long_step16,ROLLED_BACK,0.2.0,2.0
TS_00042,2026.01.20 07:10:00,US100,ENTRY,LONG,0.0800,25256.40000000,,25191.69000000,25385.83000000,,6.000000,12.000000,6.000000,12.000000,72,0,,4,0.055629,1,0.1.0,0.1.0,0.1.0,0.1,,84,84,,0,TX_DEAL,triple_sigma_pack_long_step16,triple_sigma_pack_long_step16,ROLLED_BACK,0.2.0,2.0
TS_00042,2026.01.20 08:23:21,US100,EXIT,LONG,0.0800,25256.40000000,25191.30000000,25191.69000000,25385.83000000,-5.21,6.000000,12.000000,6.000000,12.000000,72,14,SL,4,0.055629,1,0.1.0,0.1.0,0.1.0,0.1,,85,84,,0,TX_DEAL,triple_sigma_pack_long_step16,triple_sigma_pack_long_step16,ROLLED_BACK,0.2.0,2.0
TS_00043,2026.01.20 09:00:00,US100,ENTRY,LONG,0.0400,25183.90000000,,25046.65000000,25458.40000000,,6.000000,12.000000,6.000000,12.000000,72,0,,5,0.026230,1,0.1.0,0.1.0,0.1.0,0.1,,86,86,,0,TX_DEAL,triple_sigma_pack_long_step16,triple_sigma_pack_long_step16,ROLLED_BACK,0.2.0,2.0
TS_00043,2026.01.20 10:38:18,US100,EXIT,LONG,0.0400,25183.90000000,25045.80000000,25046.65000000,25458.40000000,-5.52,6.000000,12.000000,6.000000,12.000000,72,19,SL,5,0.026230,1,0.1.0,0.1.0,0.1.0,0.1,,87,86,,0,TX_DEAL,triple_sigma_pack_long_step16,triple_sigma_pack_long_step16,ROLLED_BACK,0.2.0,2.0
TS_00044,2026.01.20 10:50:00,US100,ENTRY,LONG,0.0300,25095.40000000,,24923.54000000,25439.11000000,,6.000000,12.000000,6.000000,12.000000,72,0,,5,0.020948,1,0.1.0,0.1.0,0.1.0,0.1,,88,88,,0,TX_DEAL,triple_sigma_pack_long_step16,triple_sigma_pack_long_step16,ROLLED_BACK,0.2.0,2.0
TS_00044,2026.01.20 16:50:00,US100,EXIT,LONG,0.0300,25095.40000000,25165.55000000,24923.54000000,25439.11000000,2.10,6.000000,12.000000,6.000000,12.000000,72,72,FORCE_EXIT,5,0.020948,1,0.1.0,0.1.0,0.1.0,0.1,,89,88,,0,TX_DEAL,triple_sigma_pack_long_step16,triple_sigma_pack_long_step16,ROLLED_BACK,0.2.0,2.0
TS_00045,2026.01.20 16:55:00,US100,ENTRY,LONG,0.0100,25198.65000000,,24905.08000000,25785.79000000,,6.000000,12.000000,6.000000,12.000000,72,0,,3,0.012263,0,0.1.0,0.1.0,0.1.0,0.1,,90,90,,0,TX_DEAL,triple_sigma_pack_long_step16,triple_sigma_pack_long_step16,ROLLED_BACK,0.2.0,2.0
TS_00045,2026.01.20 22:55:00,US100,EXIT,LONG,0.0100,25198.65000000,24985.30000000,24905.08000000,25785.79000000,-2.13,6.000000,12.000000,6.000000,12.000000,72,72,FORCE_EXIT,3,0.012263,0,0.1.0,0.1.0,0.1.0,0.1,,91,90,,0,TX_DEAL,triple_sigma_pack_long_step16,triple_sigma_pack_long_step16,ROLLED_BACK,0.2.0,2.0
TS_00046,2026.01.20 23:00:00,US100,ENTRY,LONG,0.0300,25015.90000000,,24841.47000000,25364.76000000,,6.000000,12.000000,6.000000,12.000000,72,0,,5,0.020639,1,0.1.0,0.1.0,0.1.0,0.1,,92,92,,0,TX_DEAL,triple_sigma_pack_long_step16,triple_sigma_pack_long_step16,ROLLED_BACK,0.2.0,2.0
TS_00046,2026.01.21 06:00:00,US100,EXIT,LONG,0.0300,25015.90000000,25072.60000000,24841.47000000,25364.76000000,1.58,6.000000,12.000000,6.000000,12.000000,72,72,FORCE_EXIT,5,0.020639,1,0.1.0,0.1.0,0.1.0,0.1,,93,92,,0,TX_DEAL,triple_sigma_pack_long_step16,triple_sigma_pack_long_step16,ROLLED_BACK,0.2.0,2.0
TS_00047,2026.01.21 06:25:00,US100,ENTRY,LONG,0.0600,25086.70000000,,25002.91000000,25254.27000000,,6.000000,12.000000,6.000000,12.000000,72,0,,3,0.042967,0,0.1.0,0.1.0,0.1.0,0.1,,94,94,,0,TX_DEAL,triple_sigma_pack_long_step16,triple_sigma_pack_long_step16,ROLLED_BACK,0.2.0,2.0
TS_00047,2026.01.21 12:01:02,US100,EXIT,LONG,0.0600,25086.70000000,25002.90000000,25002.91000000,25254.27000000,-5.03,6.000000,12.000000,6.000000,12.000000,72,67,SL,3,0.042967,0,0.1.0,0.1.0,0.1.0,0.1,,95,94,,0,TX_DEAL,triple_sigma_pack_long_step16,triple_sigma_pack_long_step16,ROLLED_BACK,0.2.0,2.0
TS_00048,2026.01.21 12:15:00,US100,ENTRY,LONG,0.0400,25036.50000000,,24912.96000000,25283.57000000,,6.000000,12.000000,6.000000,12.000000,72,0,,5,0.029141,1,0.1.0,0.1.0,0.1.0,0.1,,96,96,,0,TX_DEAL,triple_sigma_pack_long_step16,triple_sigma_pack_long_step16,ROLLED_BACK,0.2.0,2.0
TS_00048,2026.01.21 14:00:03,US100,EXIT,LONG,0.0400,25036.50000000,24907.15000000,24912.96000000,25283.57000000,-5.17,6.000000,12.000000,6.000000,12.000000,72,21,SL,5,0.029141,1,0.1.0,0.1.0,0.1.0,0.1,,97,96,,0,TX_DEAL,triple_sigma_pack_long_step16,triple_sigma_pack_long_step16,ROLLED_BACK,0.2.0,2.0
TS_00049,2026.01.21 14:20:00,US100,ENTRY,LONG,0.0400,24950.75000000,,24814.64000000,25222.98000000,,6.000000,12.000000,6.000000,12.000000,72,0,,5,0.026448,1,0.1.0,0.1.0,0.1.0,0.1,,98,98,,0,TX_DEAL,triple_sigma_pack_long_step16,triple_sigma_pack_long_step16,ROLLED_BACK,0.2.0,2.0
TS_00049,2026.01.21 17:16:08,US100,EXIT,LONG,0.0400,24950.75000000,25223.00000000,24814.64000000,25222.98000000,10.89,6.000000,12.000000,6.000000,12.000000,72,35,TP,5,0.026448,1,0.1.0,0.1.0,0.1.0,0.1,,99,98,,0,TX_DEAL,triple_sigma_pack_long_step16,triple_sigma_pack_long_step16,ROLLED_BACK,0.2.0,2.0
TS_00050,2026.01.21 18:20:00,US100,ENTRY,LONG,0.0200,25332.85000000,,25129.17000000,25740.21000000,,6.000000,12.000000,6.000000,12.000000,72,0,,5,0.017675,0,0.1.0,0.1.0,0.1.0,0.1,,100,100,,0,TX_DEAL,triple_sigma_pack_long_step16,triple_sigma_pack_long_step16,ROLLED_BACK,0.2.0,2.0
TS_00050,2026.01.21 18:52:05,US100,EXIT,LONG,0.0200,25332.85000000,25128.75000000,25129.17000000,25740.21000000,-4.08,6.000000,12.000000,6.000000,12.000000,72,6,SL,5,0.017675,0,0.1.0,0.1.0,0.1.0,0.1,,101,100,,0,TX_DEAL,triple_sigma_pack_long_step16,triple_sigma_pack_long_step16,ROLLED_BACK,0.2.0,2.0
TS_00051,2026.01.21 19:40:00,US100,ENTRY,LONG,0.0100,25079.35000000,,24772.92000000,25692.21000000,,6.000000,12.000000,6.000000,12.000000,72,0,,5,0.011748,1,0.1.0,0.1.0,0.1.0,0.1,,102,102,,0,TX_DEAL,triple_sigma_pack_long_step16,triple_sigma_pack_long_step16,ROLLED_BACK,0.2.0,2.0
TS_00051,2026.01.22 02:40:00,US100,EXIT,LONG,0.0100,25079.35000000,25432.85000000,24772.92000000,25692.21000000,3.50,6.000000,12.000000,6.000000,12.000000,72,72,FORCE_EXIT,5,0.011748,1,0.1.0,0.1.0,0.1.0,0.1,,103,102,,0,TX_DEAL,triple_sigma_pack_long_step16,triple_sigma_pack_long_step16,ROLLED_BACK,0.2.0,2.0
TS_00052,2026.01.22 07:15:00,US100,ENTRY,LONG,0.1100,25445.45000000,,25396.81000000,25542.74000000,,6.000000,12.000000,6.000000,12.000000,72,0,,0,0.074009,0,0.1.0,0.1.0,0.1.0,0.1,,104,104,,0,TX_DEAL,triple_sigma_pack_long_step16,triple_sigma_pack_long_step16,ROLLED_BACK,0.2.0,2.0
TS_00052,2026.01.22 08:09:32,US100,EXIT,LONG,0.1100,25445.45000000,25396.60000000,25396.81000000,25542.74000000,-5.37,6.000000,12.000000,6.000000,12.000000,72,10,SL,0,0.074009,0,0.1.0,0.1.0,0.1.0,0.1,,105,104,,0,TX_DEAL,triple_sigma_pack_long_step16,triple_sigma_pack_long_step16,ROLLED_BACK,0.2.0,2.0
TS_00053,2026.01.22 08:35:00,US100,ENTRY,LONG,0.0500,25382.70000000,,25285.52000000,25577.06000000,,6.000000,12.000000,6.000000,12.000000,72,0,,5,0.037045,1,0.1.0,0.1.0,0.1.0,0.1,,106,106,,0,TX_DEAL,triple_sigma_pack_long_step16,triple_sigma_pack_long_step16,ROLLED_BACK,0.2.0,2.0
TS_00053,2026.01.22 10:52:28,US100,EXIT,LONG,0.0500,25382.70000000,25577.35000000,25285.52000000,25577.06000000,9.73,6.000000,12.000000,6.000000,12.000000,72,27,TP,5,0.037045,1,0.1.0,0.1.0,0.1.0,0.1,,107,106,,0,TX_DEAL,triple_sigma_pack_long_step16,triple_sigma_pack_long_step16,ROLLED_BACK,0.2.0,2.0
TS_00054,2026.01.22 11:00:00,US100,ENTRY,LONG,0.0400,25561.45000000,,25435.34000000,25813.66000000,,6.000000,12.000000,6.000000,12.000000,72,0,,5,0.028547,0,0.1.0,0.1.0,0.1.0,0.1,,108,108,,0,TX_DEAL,triple_sigma_pack_long_step16,triple_sigma_pack_long_step16,ROLLED_BACK,0.2.0,2.0
TS_00054,2026.01.22 16:50:12,US100,EXIT,LONG,0.0400,25561.45000000,25435.10000000,25435.34000000,25813.66000000,-5.05,6.000000,12.000000,6.000000,12.000000,72,70,SL,5,0.028547,0,0.1.0,0.1.0,0.1.0,0.1,,109,108,,0,TX_DEAL,triple_sigma_pack_long_step16,triple_sigma_pack_long_step16,ROLLED_BACK,0.2.0,2.0
TS_00055,2026.01.22 17:30:00,US100,ENTRY,LONG,0.0100,25473.45000000,,25146.06000000,26128.22000000,,6.000000,12.000000,6.000000,12.000000,72,0,,3,0.010996,1,0.1.0,0.1.0,0.1.0,0.1,,110,110,,0,TX_DEAL,triple_sigma_pack_long_step16,triple_sigma_pack_long_step16,ROLLED_BACK,0.2.0,2.0
TS_00055,2026.01.22 23:30:00,US100,EXIT,LONG,0.0100,25473.45000000,25540.10000000,25146.06000000,26128.22000000,0.67,6.000000,12.000000,6.000000,12.000000,72,72,FORCE_EXIT,3,0.010996,1,0.1.0,0.1.0,0.1.0,0.1,,111,110,,0,TX_DEAL,triple_sigma_pack_long_step16,triple_sigma_pack_long_step16,ROLLED_BACK,0.2.0,2.0
TS_00056,2026.01.22 23:40:00,US100,ENTRY,LONG,0.0400,25524.70000000,,25406.89000000,25760.33000000,,6.000000,12.000000,6.000000,12.000000,72,0,,3,0.030557,1,0.1.0,0.1.0,0.1.0,0.1,,112,112,,0,TX_DEAL,triple_sigma_pack_long_step16,triple_sigma_pack_long_step16,ROLLED_BACK,0.2.0,2.0
TS_00056,2026.01.23 06:40:00,US100,EXIT,LONG,0.0400,25524.70000000,25581.90000000,25406.89000000,25760.33000000,2.13,6.000000,12.000000,6.000000,12.000000,72,72,FORCE_EXIT,3,0.030557,1,0.1.0,0.1.0,0.1.0,0.1,,113,112,,0,TX_DEAL,triple_sigma_pack_long_step16,triple_sigma_pack_long_step16,ROLLED_BACK,0.2.0,2.0
TS_00057,2026.01.23 06:55:00,US100,ENTRY,LONG,0.1200,25588.75000000,,25544.07000000,25678.11000000,,6.000000,12.000000,6.000000,12.000000,72,0,,0,0.080576,1,0.1.0,0.1.0,0.1.0,0.1,,114,114,,0,TX_DEAL,triple_sigma_pack_long_step16,triple_sigma_pack_long_step16,ROLLED_BACK,0.2.0,2.0
TS_00057,2026.01.23 10:14:32,US100,EXIT,LONG,0.1200,25588.75000000,25543.15000000,25544.07000000,25678.11000000,-5.47,6.000000,12.000000,6.000000,12.000000,72,39,SL,0,0.080576,1,0.1.0,0.1.0,0.1.0,0.1,,115,114,,0,TX_DEAL,triple_sigma_pack_long_step16,triple_sigma_pack_long_step16,ROLLED_BACK,0.2.0,2.0
TS_00058,2026.01.23 11:05:00,US100,ENTRY,LONG,0.0400,25500.75000000,,25370.36000000,25761.54000000,,6.000000,12.000000,6.000000,12.000000,72,0,,5,0.027609,1,0.1.0,0.1.0,0.1.0,0.1,,116,116,,0,TX_DEAL,triple_sigma_pack_long_step16,triple_sigma_pack_long_step16,ROLLED_BACK,0.2.0,2.0
TS_00058,2026.01.23 17:05:00,US100,EXIT,LONG,0.0400,25500.75000000,25591.65000000,25370.36000000,25761.54000000,3.64,6.000000,12.000000,6.000000,12.000000,72,72,FORCE_EXIT,5,0.027609,1,0.1.0,0.1.0,0.1.0,0.1,,117,116,,0,TX_DEAL,triple_sigma_pack_long_step16,triple_sigma_pack_long_step16,ROLLED_BACK,0.2.0,2.0
TS_00059,2026.01.23 17:15:00,US100,ENTRY,LONG,0.0200,25573.00000000,,25332.04000000,26054.93000000,,6.000000,12.000000,6.000000,12.000000,72,0,,5,0.014940,0,0.1.0,0.1.0,0.1.0,0.1,,118,118,,0,TX_DEAL,triple_sigma_pack_long_step16,triple_sigma_pack_long_step16,ROLLED_BACK,0.2.0,2.0
TS_00059,2026.01.23 23:15:00,US100,EXIT,LONG,0.0200,25573.00000000,25584.15000000,25332.04000000,26054.93000000,0.22,6.000000,12.000000,6.000000,12.000000,72,72,FORCE_EXIT,5,0.014940,0,0.1.0,0.1.0,0.1.0,0.1,,119,118,,0,TX_DEAL,triple_sigma_pack_long_step16,triple_sigma_pack_long_step16,ROLLED_BACK,0.2.0,2.0
TS_00060,2026.01.23 23:40:00,US100,ENTRY,LONG,0.0500,25572.25000000,,25467.23000000,25782.29000000,,6.000000,12.000000,6.000000,12.000000,72,0,,5,0.034279,1,0.1.0,0.1.0,0.1.0,0.1,,120,120,,0,TX_DEAL,triple_sigma_pack_long_step16,triple_sigma_pack_long_step16,ROLLED_BACK,0.2.0,2.0
TS_00060,2026.01.26 01:01:00,US100,EXIT,LONG,0.0500,25572.25000000,25362.60000000,25467.23000000,25782.29000000,-11.07,6.000000,12.000000,6.000000,12.000000,72,3,SL,5,0.034279,1,0.1.0,0.1.0,0.1.0,0.1,,121,120,,0,TX_DEAL,triple_sigma_pack_long_step16,triple_sigma_pack_long_step16,ROLLED_BACK,0.2.0,2.0
TS_00061,2026.01.26 06:30:00,US100,ENTRY,LONG,0.0700,25538.95000000,,25462.45000000,25691.95000000,,6.000000,12.000000,6.000000,12.000000,72,0,,2,0.047059,0,0.1.0,0.1.0,0.1.0,0.1,,122,122,,0,TX_DEAL,triple_sigma_pack_long_step16,triple_sigma_pack_long_step16,ROLLED_BACK,0.2.0,2.0
TS_00061,2026.01.26 12:30:00,US100,EXIT,LONG,0.0700,25538.95000000,25540.85000000,25462.45000000,25691.95000000,0.13,6.000000,12.000000,6.000000,12.000000,72,72,FORCE_EXIT,2,0.047059,0,0.1.0,0.1.0,0.1.0,0.1,,123,122,,0,TX_DEAL,triple_sigma_pack_long_step16,triple_sigma_pack_long_step16,ROLLED_BACK,0.2.0,2.0
TS_00062,2026.01.26 12:55:00,US100,ENTRY,LONG,0.0500,25545.95000000,,25440.63000000,25756.59000000,,6.000000,12.000000,6.000000,12.000000,72,0,,3,0.034181,1,0.1.0,0.1.0,0.1.0,0.1,,124,124,,0,TX_DEAL,triple_sigma_pack_long_step16,triple_sigma_pack_long_step16,ROLLED_BACK,0.2.0,2.0
TS_00062,2026.01.26 17:19:42,US100,EXIT,LONG,0.0500,25545.95000000,25757.10000000,25440.63000000,25756.59000000,10.56,6.000000,12.000000,6.000000,12.000000,72,52,TP,3,0.034181,1,0.1.0,0.1.0,0.1.0,0.1,,125,124,,0,TX_DEAL,triple_sigma_pack_long_step16,triple_sigma_pack_long_step16,ROLLED_BACK,0.2.0,2.0
TS_00063,2026.01.26 17:30:00,US100,ENTRY,LONG,0.0200,25739.20000000,,25536.31000000,26144.97000000,,6.000000,12.000000,6.000000,12.000000,72,0,,5,0.017744,0,0.1.0,0.1.0,0.1.0,0.1,,126,126,,0,TX_DEAL,triple_sigma_pack_long_step16,triple_sigma_pack_long_step16,ROLLED_BACK,0.2.0,2.0
TS_00063,2026.01.26 23:30:00,US100,EXIT,LONG,0.0200,25739.20000000,25756.60000000,25536.31000000,26144.97000000,0.35,6.000000,12.000000,6.000000,12.000000,72,72,FORCE_EXIT,5,0.017744,0,0.1.0,0.1.0,0.1.0,0.1,,127,126,,0,TX_DEAL,triple_sigma_pack_long_step16,triple_sigma_pack_long_step16,ROLLED_BACK,0.2.0,2.0
TS_00064,2026.01.27 06:25:01,US100,ENTRY,LONG,0.1200,25881.50000000,,25837.04000000,25970.43000000,,6.000000,12.000000,6.000000,12.000000,72,0,,2,0.080964,0,0.1.0,0.1.0,0.1.0,0.1,,128,128,,0,TX_DEAL,triple_sigma_pack_long_step16,triple_sigma_pack_long_step16,ROLLED_BACK,0.2.0,2.0
TS_00064,2026.01.27 12:25:00,US100,EXIT,LONG,0.1200,25881.50000000,25880.15000000,25837.04000000,25970.43000000,-0.16,6.000000,12.000000,6.000000,12.000000,72,72,FORCE_EXIT,2,0.080964,0,0.1.0,0.1.0,0.1.0,0.1,,129,128,,0,TX_DEAL,triple_sigma_pack_long_step16,triple_sigma_pack_long_step16,ROLLED_BACK,0.2.0,2.0
TS_00065,2026.01.27 12:40:00,US100,ENTRY,LONG,0.1000,25890.25000000,,25835.29000000,26000.18000000,,6.000000,12.000000,6.000000,12.000000,72,0,,2,0.065497,0,0.1.0,0.1.0,0.1.0,0.1,,130,130,,0,TX_DEAL,triple_sigma_pack_long_step16,triple_sigma_pack_long_step16,ROLLED_BACK,0.2.0,2.0
TS_00065,2026.01.27 16:36:11,US100,EXIT,LONG,0.1000,25890.25000000,25835.15000000,25835.29000000,26000.18000000,-5.51,6.000000,12.000000,6.000000,12.000000,72,47,SL,2,0.065497,0,0.1.0,0.1.0,0.1.0,0.1,,131,130,,0,TX_DEAL,triple_sigma_pack_long_step16,triple_sigma_pack_long_step16,ROLLED_BACK,0.2.0,2.0
TS_00066,2026.01.27 16:45:00,US100,ENTRY,LONG,0.0400,25855.25000000,,25724.54000000,26116.68000000,,6.000000,12.000000,6.000000,12.000000,72,0,,1,0.027541,0,0.1.0,0.1.0,0.1.0,0.1,,132,132,,0,TX_DEAL,triple_sigma_pack_long_step16,triple_sigma_pack_long_step16,ROLLED_BACK,0.2.0,2.0
TS_00066,2026.01.27 22:45:00,US100,EXIT,LONG,0.0400,25855.25000000,25981.40000000,25724.54000000,26116.68000000,5.05,6.000000,12.000000,6.000000,12.000000,72,72,FORCE_EXIT,1,0.027541,0,0.1.0,0.1.0,0.1.0,0.1,,133,132,,0,TX_DEAL,triple_sigma_pack_long_step16,triple_sigma_pack_long_step16,ROLLED_BACK,0.2.0,2.0
TS_00067,2026.01.27 22:50:00,US100,ENTRY,LONG,0.0800,25983.00000000,,25918.29000000,26112.43000000,,6.000000,12.000000,6.000000,12.000000,72,0,,2,0.055629,0,0.1.0,0.1.0,0.1.0,0.1,,134,134,,0,TX_DEAL,triple_sigma_pack_long_step16,triple_sigma_pack_long_step16,ROLLED_BACK,0.2.0,2.0
TS_00067,2026.01.28 03:07:52,US100,EXIT,LONG,0.0800,25983.00000000,26112.55000000,25918.29000000,26112.43000000,10.05,6.000000,12.000000,6.000000,12.000000,72,39,TP,2,0.055629,0,0.1.0,0.1.0,0.1.0,0.1,,135,134,,0,TX_DEAL,triple_sigma_pack_long_step16,triple_sigma_pack_long_step16,ROLLED_BACK,0.2.0,2.0
TS_00068,2026.01.28 06:20:00,US100,ENTRY,LONG,0.1200,26115.15000000,,26067.69000000,26210.08000000,,6.000000,12.000000,6.000000,12.000000,72,0,,2,0.075847,0,0.1.0,0.1.0,0.1.0,0.1,,136,136,,0,TX_DEAL,triple_sigma_pack_long_step16,triple_sigma_pack_long_step16,ROLLED_BACK,0.2.0,2.0
TS_00068,2026.01.28 08:19:41,US100,EXIT,LONG,0.1200,26115.15000000,26210.30000000,26067.69000000,26210.08000000,11.42,6.000000,12.000000,6.000000,12.000000,72,23,TP,2,0.075847,0,0.1.0,0.1.0,0.1.0,0.1,,137,136,,0,TX_DEAL,triple_sigma_pack_long_step16,triple_sigma_pack_long_step16,ROLLED_BACK,0.2.0,2.0
TS_00069,2026.01.28 08:45:00,US100,ENTRY,LONG,0.0500,26207.90000000,,26097.44000000,26428.83000000,,6.000000,12.000000,6.000000,12.000000,72,0,,5,0.032590,0,0.1.0,0.1.0,0.1.0,0.1,,138,138,,0,TX_DEAL,triple_sigma_pack_long_step16,triple_sigma_pack_long_step16,ROLLED_BACK,0.2.0,2.0
TS_00069,2026.01.28 14:45:00,US100,EXIT,LONG,0.0500,26207.90000000,26181.80000000,26097.44000000,26428.83000000,-1.31,6.000000,12.000000,6.000000,12.000000,72,72,FORCE_EXIT,5,0.032590,0,0.1.0,0.1.0,0.1.0,0.1,,139,138,,0,TX_DEAL,triple_sigma_pack_long_step16,triple_sigma_pack_long_step16,ROLLED_BACK,0.2.0,2.0
TS_00070,2026.01.28 15:10:00,US100,ENTRY,LONG,0.0400,26179.40000000,,26060.62000000,26416.96000000,,6.000000,12.000000,6.000000,12.000000,72,0,,3,0.030308,1,0.1.0,0.1.0,0.1.0,0.1,,140,140,,0,TX_DEAL,triple_sigma_pack_long_step16,triple_sigma_pack_long_step16,ROLLED_BACK,0.2.0,2.0
TS_00070,2026.01.28 17:47:40,US100,EXIT,LONG,0.0400,26179.40000000,26060.55000000,26060.62000000,26416.96000000,-4.75,6.000000,12.000000,6.000000,12.000000,72,31,SL,3,0.030308,1,0.1.0,0.1.0,0.1.0,0.1,,141,140,,0,TX_DEAL,triple_sigma_pack_long_step16,triple_sigma_pack_long_step16,ROLLED_BACK,0.2.0,2.0
TS_00071,2026.01.28 18:05:00,US100,ENTRY,LONG,0.0300,26071.65000000,,25890.69000000,26433.58000000,,6.000000,12.000000,6.000000,12.000000,72,0,,5,0.019893,1,0.1.0,0.1.0,0.1.0,0.1,,142,142,,0,TX_DEAL,triple_sigma_pack_long_step16,triple_sigma_pack_long_step16,ROLLED_BACK,0.2.0,2.0
TS_00071,2026.01.28 23:04:03,US100,EXIT,LONG,0.0300,26071.65000000,25887.65000000,25890.69000000,26433.58000000,-5.52,6.000000,12.000000,6.000000,12.000000,72,59,SL,5,0.019893,1,0.1.0,0.1.0,0.1.0,0.1,,143,142,,0,TX_DEAL,triple_sigma_pack_long_step16,triple_sigma_pack_long_step16,ROLLED_BACK,0.2.0,2.0
TS_00072,2026.01.28 23:50:00,US100,ENTRY,LONG,0.0100,26161.40000000,,25863.61000000,26756.99000000,,6.000000,12.000000,6.000000,12.000000,72,0,,5,0.012089,0,0.1.0,0.1.0,0.1.0,0.1,,144,144,,0,TX_DEAL,triple_sigma_pack_long_step16,triple_sigma_pack_long_step16,ROLLED_BACK,0.2.0,2.0
TS_00072,2026.01.29 06:50:01,US100,EXIT,LONG,0.0100,26161.40000000,26117.65000000,25863.61000000,26756.99000000,-0.48,6.000000,12.000000,6.000000,12.000000,72,72,FORCE_EXIT,5,0.012089,0,0.1.0,0.1.0,0.1.0,0.1,,145,144,,0,TX_DEAL,triple_sigma_pack_long_step16,triple_sigma_pack_long_step16,ROLLED_BACK,0.2.0,2.0
TS_00073,2026.01.29 07:05:00,US100,ENTRY,LONG,0.1000,26122.25000000,,26066.86000000,26233.04000000,,6.000000,12.000000,6.000000,12.000000,72,0,,4,0.064990,0,0.1.0,0.1.0,0.1.0,0.1,,146,146,,0,TX_DEAL,triple_sigma_pack_long_step16,triple_sigma_pack_long_step16,ROLLED_BACK,0.2.0,2.0
TS_00073,2026.01.29 13:05:00,US100,EXIT,LONG,0.1000,26122.25000000,26079.40000000,26066.86000000,26233.04000000,-4.29,6.000000,12.000000,6.000000,12.000000,72,72,FORCE_EXIT,4,0.064990,0,0.1.0,0.1.0,0.1.0,0.1,,147,146,,0,TX_DEAL,triple_sigma_pack_long_step16,triple_sigma_pack_long_step16,ROLLED_BACK,0.2.0,2.0
TS_00074,2026.01.29 13:10:00,US100,ENTRY,LONG,0.0600,26090.50000000,,25996.21000000,26279.07000000,,6.000000,12.000000,6.000000,12.000000,72,0,,5,0.038182,1,0.1.0,0.1.0,0.1.0,0.1,,148,148,,0,TX_DEAL,triple_sigma_pack_long_step16,triple_sigma_pack_long_step16,ROLLED_BACK,0.2.0,2.0
TS_00074,2026.01.29 16:34:06,US100,EXIT,LONG,0.0600,26090.50000000,25994.90000000,25996.21000000,26279.07000000,-5.74,6.000000,12.000000,6.000000,12.000000,72,40,SL,5,0.038182,1,0.1.0,0.1.0,0.1.0,0.1,,149,148,,0,TX_DEAL,triple_sigma_pack_long_step16,triple_sigma_pack_long_step16,ROLLED_BACK,0.2.0,2.0
TS_00075,2026.01.29 18:10:00,US100,ENTRY,LONG,0.0100,25461.75000000,,25052.89000000,26279.46000000,,6.000000,12.000000,6.000000,12.000000,72,0,,5,0.008805,1,0.1.0,0.1.0,0.1.0,0.1,,150,150,,0,TX_DEAL,triple_sigma_pack_long_step16,triple_sigma_pack_long_step16,ROLLED_BACK,0.2.0,2.0
TS_00075,2026.01.30 01:10:00,US100,EXIT,LONG,0.0100,25461.75000000,25850.85000000,25052.89000000,26279.46000000,3.85,6.000000,12.000000,6.000000,12.000000,72,72,FORCE_EXIT,5,0.008805,1,0.1.0,0.1.0,0.1.0,0.1,,151,150,,0,TX_DEAL,triple_sigma_pack_long_step16,triple_sigma_pack_long_step16,ROLLED_BACK,0.2.0,2.0
TS_00076,2026.01.30 07:00:00,US100,ENTRY,LONG,0.0500,25752.70000000,,25654.56000000,25948.99000000,,6.000000,12.000000,6.000000,12.000000,72,0,,3,0.036681,1,0.1.0,0.1.0,0.1.0,0.1,,152,152,,0,TX_DEAL,triple_sigma_pack_long_step16,triple_sigma_pack_long_step16,ROLLED_BACK,0.2.0,2.0
TS_00076,2026.01.30 08:28:25,US100,EXIT,LONG,0.0500,25752.70000000,25652.35000000,25654.56000000,25948.99000000,-5.02,6.000000,12.000000,6.000000,12.000000,72,17,SL,3,0.036681,1,0.1.0,0.1.0,0.1.0,0.1,,153,152,,0,TX_DEAL,triple_sigma_pack_long_step16,triple_sigma_pack_long_step16,ROLLED_BACK,0.2.0,2.0
TS_00077,2026.01.30 08:40:00,US100,ENTRY,LONG,0.0300,25699.70000000,,25555.49000000,25988.13000000,,6.000000,12.000000,6.000000,12.000000,72,0,,5,0.024963,1,0.1.0,0.1.0,0.1.0,0.1,,154,154,,0,TX_DEAL,triple_sigma_pack_long_step16,triple_sigma_pack_long_step16,ROLLED_BACK,0.2.0,2.0
TS_00077,2026.01.30 11:48:32,US100,EXIT,LONG,0.0300,25699.70000000,25555.10000000,25555.49000000,25988.13000000,-4.34,6.000000,12.000000,6.000000,12.000000,72,37,SL,5,0.024963,1,0.1.0,0.1.0,0.1.0,0.1,,155,154,,0,TX_DEAL,triple_sigma_pack_long_step16,triple_sigma_pack_long_step16,ROLLED_BACK,0.2.0,2.0
TS_00078,2026.01.30 11:55:00,US100,ENTRY,LONG,0.0200,25577.70000000,,25377.66000000,25977.77000000,,6.000000,12.000000,6.000000,12.000000,72,0,,3,0.017997,1,0.1.0,0.1.0,0.1.0,0.1,,156,156,,0,TX_DEAL,triple_sigma_pack_long_step16,triple_sigma_pack_long_step16,ROLLED_BACK,0.2.0,2.0
TS_00078,2026.01.30 17:55:00,US100,EXIT,LONG,0.0200,25577.70000000,25760.60000000,25377.66000000,25977.77000000,3.66,6.000000,12.000000,6.000000,12.000000,72,72,FORCE_EXIT,3,0.017997,1,0.1.0,0.1.0,0.1.0,0.1,,157,156,,0,TX_DEAL,triple_sigma_pack_long_step16,triple_sigma_pack_long_step16,ROLLED_BACK,0.2.0,2.0
TS_00079,2026.01.30 19:25:00,US100,ENTRY,LONG,0.0200,25644.45000000,,25365.62000000,26202.11000000,,6.000000,12.000000,6.000000,12.000000,72,0,,5,0.012911,1,0.1.0,0.1.0,0.1.0,0.1,,158,158,,0,TX_DEAL,triple_sigma_pack_long_step16,triple_sigma_pack_long_step16,ROLLED_BACK,0.2.0,2.0
TS_00079,2026.02.02 01:02:02,US100,EXIT,LONG,0.0200,25644.45000000,25364.85000000,25365.62000000,26202.11000000,-5.83,6.000000,12.000000,6.000000,12.000000,72,55,SL,5,0.012911,1,0.1.0,0.1.0,0.1.0,0.1,,159,158,,0,TX_DEAL,triple_sigma_pack_long_step16,triple_sigma_pack_long_step16,ROLLED_BACK,0.2.0,2.0
TS_00080,2026.02.02 06:20:00,US100,ENTRY,LONG,0.0200,25227.95000000,,24984.41000000,25715.02000000,,6.000000,12.000000,6.000000,12.000000,72,0,,5,0.014782,1,0.1.0,0.1.0,0.1.0,0.1,,160,160,,0,TX_DEAL,triple_sigma_pack_long_step16,triple_sigma_pack_long_step16,ROLLED_BACK,0.2.0,2.0
TS_00080,2026.02.02 12:20:00,US100,EXIT,LONG,0.0200,25227.95000000,25357.85000000,24984.41000000,25715.02000000,2.60,6.000000,12.000000,6.000000,12.000000,72,72,FORCE_EXIT,5,0.014782,1,0.1.0,0.1.0,0.1.0,0.1,,161,160,,0,TX_DEAL,triple_sigma_pack_long_step16,triple_sigma_pack_long_step16,ROLLED_BACK,0.2.0,2.0
TS_00081,2026.02.02 12:25:00,US100,ENTRY,LONG,0.0300,25352.20000000,,25209.49000000,25637.63000000,,6.000000,12.000000,6.000000,12.000000,72,0,,5,0.025225,0,0.1.0,0.1.0,0.1.0,0.1,,162,162,,0,TX_DEAL,triple_sigma_pack_long_step16,triple_sigma_pack_long_step16,ROLLED_BACK,0.2.0,2.0
TS_00081,2026.02.02 16:46:58,US100,EXIT,LONG,0.0300,25352.20000000,25638.35000000,25209.49000000,25637.63000000,8.58,6.000000,12.000000,6.000000,12.000000,72,52,TP,5,0.025225,0,0.1.0,0.1.0,0.1.0,0.1,,163,162,,0,TX_DEAL,triple_sigma_pack_long_step16,triple_sigma_pack_long_step16,ROLLED_BACK,0.2.0,2.0
TS_00082,2026.02.02 17:45:00,US100,ENTRY,LONG,0.0100,25779.45000000,,25474.74000000,26388.88000000,,6.000000,12.000000,6.000000,12.000000,72,0,,5,0.011814,0,0.1.0,0.1.0,0.1.0,0.1,,164,164,,0,TX_DEAL,triple_sigma_pack_long_step16,triple_sigma_pack_long_step16,ROLLED_BACK,0.2.0,2.0
TS_00082,2026.02.02 23:45:00,US100,EXIT,LONG,0.0100,25779.45000000,25775.60000000,25474.74000000,26388.88000000,-0.04,6.000000,12.000000,6.000000,12.000000,72,72,FORCE_EXIT,5,0.011814,0,0.1.0,0.1.0,0.1.0,0.1,,165,164,,0,TX_DEAL,triple_sigma_pack_long_step16,triple_sigma_pack_long_step16,ROLLED_BACK,0.2.0,2.0
TS_00083,2026.02.03 06:20:00,US100,ENTRY,LONG,0.0600,25870.90000000,,25788.83000000,26035.04000000,,6.000000,12.000000,6.000000,12.000000,72,0,,3,0.043864,0,0.1.0,0.1.0,0.1.0,0.1,,166,166,,0,TX_DEAL,triple_sigma_pack_long_step16,triple_sigma_pack_long_step16,ROLLED_BACK,0.2.0,2.0
TS_00083,2026.02.03 12:20:00,US100,EXIT,LONG,0.0600,25870.90000000,25885.45000000,25788.83000000,26035.04000000,0.87,6.000000,12.000000,6.000000,12.000000,72,72,FORCE_EXIT,3,0.043864,0,0.1.0,0.1.0,0.1.0,0.1,,167,166,,0,TX_DEAL,triple_sigma_pack_long_step16,triple_sigma_pack_long_step16,ROLLED_BACK,0.2.0,2.0
TS_00084,2026.02.03 12:50:00,US100,ENTRY,LONG,0.0800,25862.55000000,,25790.98000000,26005.69000000,,6.000000,12.000000,6.000000,12.000000,72,0,,2,0.050299,1,0.1.0,0.1.0,0.1.0,0.1,,168,168,,0,TX_DEAL,triple_sigma_pack_long_step16,triple_sigma_pack_long_step16,ROLLED_BACK,0.2.0,2.0
TS_00084,2026.02.03 16:32:05,US100,EXIT,LONG,0.0800,25862.55000000,25790.80000000,25790.98000000,26005.69000000,-5.74,6.000000,12.000000,6.000000,12.000000,72,44,SL,2,0.050299,1,0.1.0,0.1.0,0.1.0,0.1,,169,168,,0,TX_DEAL,triple_sigma_pack_long_step16,triple_sigma_pack_long_step16,ROLLED_BACK,0.2.0,2.0
TS_00085,2026.02.03 17:45:00,US100,ENTRY,LONG,0.0100,25433.90000000,,24945.22000000,26411.26000000,,6.000000,12.000000,6.000000,12.000000,72,0,,5,0.007367,1,0.1.0,0.1.0,0.1.0,0.1,,170,170,,0,TX_DEAL,triple_sigma_pack_long_step16,triple_sigma_pack_long_step16,ROLLED_BACK,0.2.0,2.0
TS_00085,2026.02.03 23:45:00,US100,EXIT,LONG,0.0100,25433.90000000,25324.05000000,24945.22000000,26411.26000000,-1.10,6.000000,12.000000,6.000000,12.000000,72,72,FORCE_EXIT,5,0.007367,1,0.1.0,0.1.0,0.1.0,0.1,,171,170,,0,TX_DEAL,triple_sigma_pack_long_step16,triple_sigma_pack_long_step16,ROLLED_BACK,0.2.0,2.0
TS_00086,2026.02.04 06:50:00,US100,ENTRY,LONG,0.0700,25344.35000000,,25269.35000000,25494.35000000,,6.000000,12.000000,6.000000,12.000000,72,0,,2,0.048000,0,0.1.0,0.1.0,0.1.0,0.1,,172,172,,0,TX_DEAL,triple_sigma_pack_long_step16,triple_sigma_pack_long_step16,ROLLED_BACK,0.2.0,2.0
TS_00086,2026.02.04 11:25:06,US100,EXIT,LONG,0.0700,25344.35000000,25269.25000000,25269.35000000,25494.35000000,-5.26,6.000000,12.000000,6.000000,12.000000,72,55,SL,2,0.048000,0,0.1.0,0.1.0,0.1.0,0.1,,173,172,,0,TX_DEAL,triple_sigma_pack_long_step16,triple_sigma_pack_long_step16,ROLLED_BACK,0.2.0,2.0
TS_00087,2026.02.04 11:35:00,US100,ENTRY,LONG,0.0300,25297.10000000,,25128.46000000,25634.39000000,,6.000000,12.000000,6.000000,12.000000,72,0,,5,0.021347,1,0.1.0,0.1.0,0.1.0,0.1,,174,174,,0,TX_DEAL,triple_sigma_pack_long_step16,triple_sigma_pack_long_step16,ROLLED_BACK,0.2.0,2.0
TS_00087,2026.02.04 16:58:05,US100,EXIT,LONG,0.0300,25297.10000000,25127.75000000,25128.46000000,25634.39000000,-5.08,6.000000,12.000000,6.000000,12.000000,72,64,SL,5,0.021347,1,0.1.0,0.1.0,0.1.0,0.1,,175,174,,0,TX_DEAL,triple_sigma_pack_long_step16,triple_sigma_pack_long_step16,ROLLED_BACK,0.2.0,2.0
TS_00088,2026.02.04 17:10:00,US100,ENTRY,LONG,0.0100,25157.00000000,,24725.21000000,26020.57000000,,6.000000,12.000000,6.000000,12.000000,72,0,,5,0.008337,1,0.1.0,0.1.0,0.1.0,0.1,,176,176,,0,TX_DEAL,triple_sigma_pack_long_step16,triple_sigma_pack_long_step16,ROLLED_BACK,0.2.0,2.0
TS_00088,2026.02.04 19:40:03,US100,EXIT,LONG,0.0100,25157.00000000,24725.15000000,24725.21000000,26020.57000000,-4.32,6.000000,12.000000,6.000000,12.000000,72,30,SL,5,0.008337,1,0.1.0,0.1.0,0.1.0,0.1,,177,176,,0,TX_DEAL,triple_sigma_pack_long_step16,triple_sigma_pack_long_step16,ROLLED_BACK,0.2.0,2.0
TS_00089,2026.02.04 19:55:00,US100,ENTRY,LONG,0.0100,24761.50000000,,24399.25000000,25486.00000000,,6.000000,12.000000,6.000000,12.000000,72,0,,5,0.009938,1,0.1.0,0.1.0,0.1.0,0.1,,178,178,,0,TX_DEAL,triple_sigma_pack_long_step16,triple_sigma_pack_long_step16,ROLLED_BACK,0.2.0,2.0
TS_00089,2026.02.05 02:55:00,US100,EXIT,LONG,0.0100,24761.50000000,25026.95000000,24399.25000000,25486.00000000,2.61,6.000000,12.000000,6.000000,12.000000,72,72,FORCE_EXIT,5,0.009938,1,0.1.0,0.1.0,0.1.0,0.1,,179,178,,0,TX_DEAL,triple_sigma_pack_long_step16,triple_sigma_pack_long_step16,ROLLED_BACK,0.2.0,2.0
TS_00090,2026.02.05 06:25:00,US100,ENTRY,LONG,0.0200,24853.05000000,,24651.41000000,25256.34000000,,6.000000,12.000000,6.000000,12.000000,72,0,,5,0.017853,1,0.1.0,0.1.0,0.1.0,0.1,,180,180,,0,TX_DEAL,triple_sigma_pack_long_step16,triple_sigma_pack_long_step16,ROLLED_BACK,0.2.0,2.0
TS_00090,2026.02.05 12:25:00,US100,EXIT,LONG,0.0200,24853.05000000,24997.70000000,24651.41000000,25256.34000000,2.89,6.000000,12.000000,6.000000,12.000000,72,72,FORCE_EXIT,5,0.017853,1,0.1.0,0.1.0,0.1.0,0.1,,181,180,,0,TX_DEAL,triple_sigma_pack_long_step16,triple_sigma_pack_long_step16,ROLLED_BACK,0.2.0,2.0
TS_00091,2026.02.05 12:30:00,US100,ENTRY,LONG,0.0300,25001.05000000,,24829.19000000,25344.76000000,,6.000000,12.000000,6.000000,12.000000,72,0,,3,0.020948,0,0.1.0,0.1.0,0.1.0,0.1,,182,182,,0,TX_DEAL,triple_sigma_pack_long_step16,triple_sigma_pack_long_step16,ROLLED_BACK,0.2.0,2.0
TS_00091,2026.02.05 14:23:48,US100,EXIT,LONG,0.0300,25001.05000000,24825.95000000,24829.19000000,25344.76000000,-5.25,6.000000,12.000000,6.000000,12.000000,72,22,SL,3,0.020948,0,0.1.0,0.1.0,0.1.0,0.1,,183,182,,0,TX_DEAL,triple_sigma_pack_long_step16,triple_sigma_pack_long_step16,ROLLED_BACK,0.2.0,2.0
TS_00092,2026.02.05 15:10:00,US100,ENTRY,LONG,0.0100,24749.55000000,,24374.06000000,25500.54000000,,6.000000,12.000000,6.000000,12.000000,72,0,,5,0.009587,1,0.1.0,0.1.0,0.1.0,0.1,,184,184,,0,TX_DEAL,triple_sigma_pack_long_step16,triple_sigma_pack_long_step16,ROLLED_BACK,0.2.0,2.0
TS_00092,2026.02.05 21:10:00,US100,EXIT,LONG,0.0100,24749.55000000,24672.70000000,24374.06000000,25500.54000000,-0.77,6.000000,12.000000,6.000000,12.000000,72,72,FORCE_EXIT,5,0.009587,1,0.1.0,0.1.0,0.1.0,0.1,,185,184,,0,TX_DEAL,triple_sigma_pack_long_step16,triple_sigma_pack_long_step16,ROLLED_BACK,0.2.0,2.0
TS_00093,2026.02.05 21:40:00,US100,ENTRY,LONG,0.0100,24631.05000000,,24353.81000000,25185.54000000,,6.000000,12.000000,6.000000,12.000000,72,0,,3,0.012985,1,0.1.0,0.1.0,0.1.0,0.1,,186,186,,0,TX_DEAL,triple_sigma_pack_long_step16,triple_sigma_pack_long_step16,ROLLED_BACK,0.2.0,2.0
TS_00093,2026.02.05 23:41:30,US100,EXIT,LONG,0.0100,24631.05000000,24353.70000000,24353.81000000,25185.54000000,-2.77,6.000000,12.000000,6.000000,12.000000,72,24,SL,3,0.012985,1,0.1.0,0.1.0,0.1.0,0.1,,187,186,,0,TX_DEAL,triple_sigma_pack_long_step16,triple_sigma_pack_long_step16,ROLLED_BACK,0.2.0,2.0
